-- phpMyAdmin SQL Dump
-- version 4.1.8
-- http://www.phpmyadmin.net
--
-- Client :  localhost
-- Généré le :  Lun 07 Avril 2014 à 15:09
-- Version du serveur :  5.5.36-cll
-- Version de PHP :  5.4.23

SET SQL_MODE = "NO_AUTO_VALUE_ON_ZERO";
SET time_zone = "+00:00";


/*!40101 SET @OLD_CHARACTER_SET_CLIENT=@@CHARACTER_SET_CLIENT */;
/*!40101 SET @OLD_CHARACTER_SET_RESULTS=@@CHARACTER_SET_RESULTS */;
/*!40101 SET @OLD_COLLATION_CONNECTION=@@COLLATION_CONNECTION */;
/*!40101 SET NAMES utf8 */;

--
-- Base de données :  `vietmong_vmc`
--

-- --------------------------------------------------------

--
-- Structure de la table `about`
--

CREATE TABLE IF NOT EXISTS `about` (
  `id` int(11) NOT NULL AUTO_INCREMENT,
  `content` text COLLATE utf8_unicode_ci NOT NULL,
  PRIMARY KEY (`id`)
) ENGINE=InnoDB  DEFAULT CHARSET=utf8 COLLATE=utf8_unicode_ci AUTO_INCREMENT=2 ;

--
-- Contenu de la table `about`
--

INSERT INTO `about` (`id`, `content`) VALUES
(1, '<p style="text-align: justify;"><span style="font-family:georgia,serif"><span style="font-size:18px"><big>C&ocirc;ng ty&nbsp;CP Việt M&ocirc;ng Cổ&nbsp;được th&agrave;nh lập th&aacute;ng 05 năm 2013, l&agrave; doanh nghiệp chuy&ecirc;n&nbsp;về chăm s&oacute;c sức khỏe.C&aacute;c sản phẩm nổi bật của c&ocirc;ng ty l&agrave;,Khu Phong Vượng Cốt Kh&iacute;,Kh&iacute; Cốt Đan,Ngự Tửu Qu&acirc;n&nbsp;Vương,Cao Gobi &ndash; Mongo.</big></span></span></p>\n\n<div>\n<p style="text-align: justify;">&nbsp; &nbsp; &nbsp; &nbsp; &nbsp; &nbsp; &nbsp; &nbsp; &nbsp; &nbsp; &nbsp; &nbsp; &nbsp; &nbsp; &nbsp; &nbsp; &nbsp;&nbsp;<img alt="Trụ sở công ty cổ phần Việt Mông Cổ" src="http://ctv.vietmongco.vn/wp-content/uploads/2014/04/Picture1.jpg" style="border:5px solid; height:475px; margin:5px; width:500px" title="Trụ sở công ty cổ phần Việt Mông Cổ" />​</p>\n\n<p style="text-align: justify;">&nbsp; &nbsp; &nbsp; &nbsp; &nbsp; &nbsp; &nbsp; &nbsp; &nbsp; &nbsp; &nbsp; &nbsp; &nbsp; &nbsp; &nbsp; &nbsp; &nbsp; &nbsp; &nbsp; &nbsp; &nbsp; &nbsp; &nbsp; &nbsp; &nbsp; &nbsp; &nbsp; &nbsp; &nbsp; &nbsp; &nbsp; &nbsp; &nbsp; &nbsp; <em>&nbsp;Trụ sở c&ocirc;ng ty cổ phần Việt M&ocirc;ng Cổ</em></p>\n</div>\n\n<p style="text-align: justify;"><span style="font-family:georgia,serif"><span style="font-size:18px"><big>Với mong muốn g&oacute;p phần v&agrave;o sự nghiệp chăm s&oacute;c sức khoẻ to&agrave;n d&acirc;n, qua nhiều năm sưu tầm, học hỏi, nghi&ecirc;n cứu, kế thừa, c&ocirc;ng ty Cổ phần Việt M&ocirc;ng Cổ kết hợp c&ugrave;ng c&aacute;c lương y giỏi,d&agrave;y kinh nghiệm cho ra đời một số d&ograve;ng sản phẩm Thực phẩm chức năng c&oacute; khả năng hỗ trợ điều trị một số bệnh v&ocirc; c&ugrave;ng hiệu quả.</big></span></span></p>\n\n<p style="text-align: justify;"><span style="font-family:georgia,serif"><span style="font-size:18px"><big>Y dược học cổ truyền Việt Nam c&oacute; nhiều loại c&acirc;y thuốc qu&yacute;, nhiều b&agrave;i thuốc hay v&agrave; nhiều kinh nghiệm chữa bệnh trong d&acirc;n gian của đồng b&agrave;o c&aacute;c d&acirc;n tộc trải qua thực tiễn h&agrave;ng ng&agrave;n năm đến nay vẫn c&ograve;n nguy&ecirc;n gi&aacute; trị chữa bệnh, cứu người. Đường lối ph&aacute;t triển Y dược học cổ truyền Việt Nam đ&atilde; được khẳng định nhất qu&aacute;n trong nhiều năm qua l&agrave;: Kế thừa, ph&aacute;t huy, ph&aacute;t triển y dược học cổ truyền, kết hợp với y học hiện đại, x&acirc;y dựng nền y dược học cổ truyền Việt Nam khoa học d&acirc;n tộc v&agrave; đại ch&uacute;ng.</big></span></span></p>\n\n<p style="text-align: justify;"><span style="font-family:georgia,serif"><span style="font-size:18px"><big>C&ocirc;ng ty Cổ phần Việt M&ocirc;ng Cổ xin gửi tới Qu&iacute; kh&aacute;ch h&agrave;ng những m&oacute;n qu&agrave; v&ocirc; gi&aacute; với phương ch&acirc;m &ldquo;&nbsp;<strong>Khỏe từ nguồn cội</strong>&rdquo; thể hiện mong muốn của C&ocirc;ng ty, gi&uacute;p cho:Người Người khỏe mạnh, Nh&agrave; nh&agrave; gi&agrave;u sang.</big></span></span></p>\n\n<p style="text-align: justify;">&nbsp;</p>\n\n<h1 style="text-align: justify;"><strong><span style="font-size:20px">Thế mạnh l&agrave;m n&ecirc;n thương hiệu Việt&nbsp;M&ocirc;ng Cổ&nbsp;kh&aacute;c biệt ch&iacute;nh l&agrave;:&nbsp;</span></strong></h1>\n\n<p style="text-align: justify;"><img src="http://obus.vn//uploads/1/Obus/02_Giaiphap/02_game_cashflow/chk02.png" /><span style="font-size:20px"><span style="font-family:georgia,serif">Thương hiệu do nh&agrave; nước trao tặng.</span></span></p>\n\n<p style="text-align: justify;"><img src="http://obus.vn//uploads/1/Obus/02_Giaiphap/02_game_cashflow/chk02.png" /><span style="font-size:20px"><span style="font-family:georgia,serif">Hiệu quả của sản phẩm rất cao.</span></span></p>\n\n<p style="text-align: justify;"><img src="http://obus.vn//uploads/1/Obus/02_Giaiphap/02_game_cashflow/chk02.png" /><span style="font-size:20px"><span style="font-family:georgia,serif">Sản phẩm độc đ&aacute;o.</span></span></p>\n\n<p style="text-align: justify;"><img src="http://obus.vn//uploads/1/Obus/02_Giaiphap/02_game_cashflow/chk02.png" /><span style="font-size:20px"><span style="font-family:georgia,serif">Sự&nbsp;tận t&igrave;nh chăm s&oacute;c kh&aacute;ch h&agrave;ng chu đ&aacute;o.</span></span></p>\n\n<p style="text-align: justify;"><img src="http://obus.vn//uploads/1/Obus/02_Giaiphap/02_game_cashflow/chk02.png" /><span style="font-size:20px"><span style="font-family:georgia,serif">V&agrave; c&ograve;n rất nhiều&hellip;</span></span></p>\n\n<p style="text-align: justify;">&nbsp;</p>\n\n<p style="text-align: justify;"><span style="font-size:18px"><span style="font-family:georgia,serif"><big>Bộ phận chuy&ecirc;n m&ocirc;n&nbsp;t&iacute;nh tr&aacute;ch nhiệm cao,l&agrave;m việc nghi&ecirc;m t&uacute;c, cẩn thận nhằm tạo n&ecirc;n những sản phẩm ho&agrave;n thiện đến từng chi tiết nhỏ nhất. Ngo&agrave;i ra, c&aacute;c bộ phận thường xuy&ecirc;n trao đổi c&ocirc;ng việc, chia sẻ những kh&oacute; khăn, s&aacute;ng kiến x&acirc;y dựng n&ecirc;n một&nbsp;Việt M&ocirc;ng Cổ&nbsp;năng động, s&aacute;ng tạo, chuy&ecirc;n nghiệp hơn trong từng dự &aacute;n ch&uacute;ng t&ocirc;i.</big></span></span></p>\n\n<p style="text-align: justify;"><span style="font-size:18px"><span style="font-family:georgia,serif"><big>Với phương ch&acirc;m &ldquo; Khỏe&nbsp;Từ Nguồn Cội&rdquo;,&nbsp;<strong>Việt M&ocirc;ng Cổ</strong>&nbsp;đ&atilde; lu&ocirc;n nỗ lực cả về nh&acirc;n lực, vật lực, x&acirc;y dựng uy t&iacute;n thương hiệu, niềm tin với kh&aacute;ch h&agrave;ng với những sản phẩm ch&uacute;ng t&ocirc;i cung cấp.</big></span></span></p>\n\n<p style="text-align: justify;"><span style="font-size:18px"><span style="font-family:georgia,serif"><big>Sự tin tưởng v&agrave; ủng hộ của kh&aacute;ch h&agrave;ng trong suốt thời gian qua l&agrave; nguồn động vi&ecirc;n to lớn tr&ecirc;n bước đường ph&aacute;t triển của&nbsp;Việt M&ocirc;ng Cổ. Ch&uacute;ng t&ocirc;i xin hứa sẽ kh&ocirc;ng ngừng ho&agrave;n thiện, phục vụ kh&aacute;ch h&agrave;ng tốt nhất để lu&ocirc;n xứng đ&aacute;ng với niềm tin ấy.</big></span></span></p>\n\n<p style="text-align: justify;"><span style="font-size:18px"><span style="font-family:georgia,serif"><big><em>Tr&acirc;n trọng!</em></big></span></span></p>\n\n<p style="text-align: justify;"><span style="font-size:18px"><span style="font-family:georgia,serif"><big><em>BQT,</em></big></span></span></p>\n');

-- --------------------------------------------------------

--
-- Structure de la table `captcha_question`
--

CREATE TABLE IF NOT EXISTS `captcha_question` (
  `id` int(11) NOT NULL AUTO_INCREMENT,
  `question` varchar(255) COLLATE utf8_unicode_ci NOT NULL,
  `reply` varchar(255) COLLATE utf8_unicode_ci NOT NULL,
  PRIMARY KEY (`id`)
) ENGINE=InnoDB  DEFAULT CHARSET=utf8 COLLATE=utf8_unicode_ci AUTO_INCREMENT=5 ;

--
-- Contenu de la table `captcha_question`
--

INSERT INTO `captcha_question` (`id`, `question`, `reply`) VALUES
(1, '1+1 = ?', '2'),
(2, '2+2 = ?', '4'),
(3, '3+3=?', '6'),
(4, '4+4=?', '8');

-- --------------------------------------------------------

--
-- Structure de la table `cart`
--

CREATE TABLE IF NOT EXISTS `cart` (
  `id` int(11) NOT NULL AUTO_INCREMENT,
  `id_user` int(11) NOT NULL,
  `id_product` int(11) NOT NULL,
  `quantity` int(11) NOT NULL,
  `price` int(11) NOT NULL,
  `commissions` varchar(255) COLLATE utf8_unicode_ci NOT NULL,
  `ip_user` varchar(255) COLLATE utf8_unicode_ci NOT NULL,
  `id_ref` int(11) NOT NULL,
  `create_date` int(11) NOT NULL,
  PRIMARY KEY (`id`)
) ENGINE=InnoDB  DEFAULT CHARSET=utf8 COLLATE=utf8_unicode_ci AUTO_INCREMENT=65 ;

--
-- Contenu de la table `cart`
--

INSERT INTO `cart` (`id`, `id_user`, `id_product`, `quantity`, `price`, `commissions`, `ip_user`, `id_ref`, `create_date`) VALUES
(21, 1, 1, 1, 531000, '0', '183.80.50.205', 0, 1396262691),
(36, 0, 41, 1, 472000, '0', '112.72.98.206', 0, 1396337757),
(64, 1, 1, 9, 4779000, '0', '113.181.174.94', 0, 1396848294);

-- --------------------------------------------------------

--
-- Structure de la table `cate_product`
--

CREATE TABLE IF NOT EXISTS `cate_product` (
  `id_cate` int(11) NOT NULL AUTO_INCREMENT,
  `name` varchar(255) COLLATE utf8_unicode_ci NOT NULL,
  PRIMARY KEY (`id_cate`)
) ENGINE=InnoDB  DEFAULT CHARSET=utf8 COLLATE=utf8_unicode_ci AUTO_INCREMENT=5 ;

--
-- Contenu de la table `cate_product`
--

INSERT INTO `cate_product` (`id_cate`, `name`) VALUES
(1, 'Đào tạo Marketing Online'),
(2, 'Website thông minh'),
(3, 'Tài liệu Marketing Online'),
(4, 'Triển khai Marketing Online');

-- --------------------------------------------------------

--
-- Structure de la table `ci_sessions`
--

CREATE TABLE IF NOT EXISTS `ci_sessions` (
  `session_id` varchar(40) NOT NULL DEFAULT '0',
  `ip_address` varchar(16) NOT NULL DEFAULT '0',
  `user_agent` varchar(50) NOT NULL,
  `last_activity` int(10) unsigned NOT NULL DEFAULT '0',
  `user_data` text NOT NULL,
  PRIMARY KEY (`session_id`)
) ENGINE=InnoDB DEFAULT CHARSET=latin1;

--
-- Contenu de la table `ci_sessions`
--

INSERT INTO `ci_sessions` (`session_id`, `ip_address`, `user_agent`, `last_activity`, `user_data`) VALUES
('04254edb1624d19f72aa64f756f176cb', '113.181.174.94', 'Mozilla/5.0 (Windows NT 6.1; WOW64) AppleWebKit/53', 1396853459, ''),
('07229ff60d22560c02bf68b2c7258dcd', '113.181.174.94', 'Mozilla/5.0 (Windows NT 6.1; WOW64) AppleWebKit/53', 1396854943, ''),
('093204441c796e18f65fddaeacfe0907', '113.181.174.94', 'Mozilla/5.0 (Windows NT 6.1; WOW64) AppleWebKit/53', 1396853813, ''),
('0b37508c0d924686816cc4a380e6174f', '173.252.100.116', 'facebookexternalhit/1.1 (+http://www.facebook.com/', 1396856797, ''),
('0de82af76296bbea10ef0884e6d78278', '113.181.174.94', 'Mozilla/5.0 (Windows NT 6.1; WOW64) AppleWebKit/53', 1396856819, ''),
('114a0a6638289db73341b62c29d31ebf', '113.181.174.94', 'Mozilla/5.0 (Windows NT 6.1; WOW64) AppleWebKit/53', 1396853448, ''),
('1a3cd43724eb7b0d84b0686520542783', '113.181.174.94', 'Mozilla/5.0 (Windows NT 6.1; WOW64) AppleWebKit/53', 1396853716, ''),
('25f142e1de59149ed2386fc0d656419f', '113.181.174.94', 'Mozilla/5.0 (Windows NT 6.1; WOW64) AppleWebKit/53', 1396857685, ''),
('2be29cadfd6298d2f9908eb98e9165c2', '113.181.174.94', 'Mozilla/5.0 (Windows NT 6.1; WOW64) AppleWebKit/53', 1396856261, ''),
('2e27338f3102f8856d3a0994069d6108', '113.181.174.94', 'Mozilla/5.0 (Windows NT 6.1; WOW64) AppleWebKit/53', 1396857662, ''),
('33251098b81d2a23ff7703d26655742d', '113.181.174.94', 'Mozilla/5.0 (Windows NT 6.1; WOW64) AppleWebKit/53', 1396856420, ''),
('3438065b86f302307e19702a0e23c8c3', '58.186.211.169', 'Mozilla/5.0 (Windows NT 6.1) AppleWebKit/537.36 (K', 1396852154, ''),
('34d051e59485ceedec347fcb2c9563a5', '113.181.174.94', 'Mozilla/5.0 (Windows NT 6.1; WOW64) AppleWebKit/53', 1396853306, ''),
('38fbb052ad34694564adc8700a3fa101', '113.181.174.94', 'Mozilla/5.0 (Windows NT 6.1; WOW64) AppleWebKit/53', 1396854184, ''),
('3ba3386a11c2072001891ac83892e256', '113.181.174.94', 'Mozilla/5.0 (Windows NT 6.1; WOW64) AppleWebKit/53', 1396854926, ''),
('3cd32767011dd011449ff98f87f128be', '113.181.174.94', 'Mozilla/5.0 (Windows NT 6.1; WOW64) AppleWebKit/53', 1396856078, ''),
('3eef86f451c7de876652c9af2e1adbbb', '113.181.174.94', 'Mozilla/5.0 (Windows NT 6.1; WOW64) AppleWebKit/53', 1396856140, ''),
('446ff217c2140e3eb2e7dc486e80a798', '113.181.174.94', 'Mozilla/5.0 (Windows NT 6.1; WOW64) AppleWebKit/53', 1396854942, ''),
('48af48c01a2cd6ade5c4e2159048ee78', '113.181.174.94', 'Mozilla/5.0 (Windows NT 6.1; WOW64) AppleWebKit/53', 1396854178, ''),
('4b9e29fb9cac0b412fbf95806ec87dcd', '113.181.174.94', 'Mozilla/5.0 (Windows NT 6.1; WOW64) AppleWebKit/53', 1396854951, ''),
('4c724046db68a839d83f4435d1ebc48c', '113.161.85.214', 'Mozilla/5.0 (Windows NT 5.1) AppleWebKit/537.36 (K', 1396858019, ''),
('5188cd734fa4eaaab0b11b4f0938254a', '113.181.174.94', 'Mozilla/5.0 (Windows NT 6.1; WOW64) AppleWebKit/53', 1396855711, ''),
('51eb05e47b4691fec667d0a4909361be', '113.181.174.94', 'Mozilla/5.0 (Windows NT 6.1; WOW64) AppleWebKit/53', 1396856311, ''),
('538104c932a30dab32b213542b979a40', '113.161.85.214', 'Mozilla/5.0 (Windows NT 5.1) AppleWebKit/537.36 (K', 1396857657, ''),
('540d14f598863891d29ce3a530e5e7f6', '113.181.174.94', 'Mozilla/5.0 (Windows NT 6.1; WOW64) AppleWebKit/53', 1396855159, ''),
('57e63144f5cd0998b744351559f79c09', '183.80.117.241', 'Mozilla/5.0 (Windows NT 6.1; rv:28.0) Gecko/201001', 1396857330, ''),
('5aca8a5b6ef4eea1f6c9ee5303f976b0', '113.181.174.94', 'Mozilla/5.0 (Windows NT 6.1; WOW64) AppleWebKit/53', 1396856308, ''),
('64357b578d6ae2bb03e3ebeefdc16aac', '113.181.174.94', 'Mozilla/5.0 (Windows NT 6.1; WOW64) AppleWebKit/53', 1396853542, ''),
('6b99fb1262b2fae71de3c44774c171c1', '113.181.174.94', 'Mozilla/5.0 (Windows NT 6.1; WOW64) AppleWebKit/53', 1396857360, ''),
('70b0b7ce55c27396a74f93ecc759ffda', '113.181.174.94', 'Mozilla/5.0 (Windows NT 6.1; WOW64) AppleWebKit/53', 1396853446, ''),
('70c303e4e95a3c4d47553c0af0e87f4e', '113.161.85.214', 'Mozilla/5.0 (Windows NT 5.1) AppleWebKit/537.36 (K', 1396857675, ''),
('71523850dd10e661821b1e36ea017811', '113.181.174.94', 'Mozilla/5.0 (Windows NT 6.1; WOW64) AppleWebKit/53', 1396856178, ''),
('71826fc35b83651e83176aabab3d45ab', '113.181.174.94', 'Mozilla/5.0 (Windows NT 6.1; WOW64) AppleWebKit/53', 1396857621, ''),
('795a279a4f5a20a56f7a528b1628a9c7', '113.181.174.94', 'Mozilla/5.0 (Windows NT 6.1; WOW64) AppleWebKit/53', 1396856783, ''),
('7c676baf9d6c9a4c3cd4b59edee15907', '113.181.174.94', 'Mozilla/5.0 (Windows NT 6.1; WOW64) AppleWebKit/53', 1396856846, ''),
('81e6298fbd92b4dd8d21b91cdd11fbba', '113.181.174.94', 'Mozilla/5.0 (Windows NT 6.1; WOW64) AppleWebKit/53', 1396856331, ''),
('8430853f32a3b1f5d0861cf16c9f45d2', '113.161.85.214', 'Mozilla/5.0 (Windows NT 5.1) AppleWebKit/537.36 (K', 1396857944, ''),
('871018071f2c987a9d127fbdcc45a29b', '113.161.85.214', 'Mozilla/5.0 (Windows NT 5.1) AppleWebKit/537.36 (K', 1396857698, ''),
('897e63a95259fd714f1a4735f4bc8dd9', '113.161.85.214', 'Mozilla/5.0 (Windows NT 5.1) AppleWebKit/537.36 (K', 1396857671, ''),
('90a8b08103b5f40545e77cb87fb8076c', '113.161.85.214', 'Mozilla/5.0 (Windows NT 5.1) AppleWebKit/537.36 (K', 1396857662, ''),
('9b9805e00df089133d7fd9d7a816afc9', '113.181.174.94', 'Mozilla/5.0 (Windows NT 6.1; WOW64) AppleWebKit/53', 1396855748, ''),
('9b9d670dffdd30cab2884fe5eb8f574a', '183.80.117.241', 'Mozilla/5.0 (Windows NT 6.1; rv:28.0) Gecko/201001', 1396852100, ''),
('9da8986bb39808a8a6b01539eeb87f13', '113.161.85.214', 'Mozilla/5.0 (Windows NT 5.1) AppleWebKit/537.36 (K', 1396857460, ''),
('9ea0b94718ea0c7ea3f59f9018e9d740', '113.181.174.94', 'Mozilla/5.0 (Windows NT 6.1; WOW64) AppleWebKit/53', 1396856402, ''),
('ad77da940f2efffa39924c0c12a15508', '113.161.85.214', 'Mozilla/5.0 (Windows NT 5.1) AppleWebKit/537.36 (K', 1396857459, ''),
('aea15cf7d83a77f6b75e7f8635d84eeb', '113.161.85.214', 'Mozilla/5.0 (Windows NT 5.1) AppleWebKit/537.36 (K', 1396856810, ''),
('afaf95e8b63753b208e54190c5448cfc', '113.181.174.94', 'Mozilla/5.0 (Windows NT 6.1; WOW64) AppleWebKit/53', 1396855230, ''),
('b17380c057de492af7c8c6ead517669d', '209.85.238.176', 'Mozilla/5.0 (compatible) Feedfetcher-Google;(+http', 1396850818, ''),
('b2bbcb556e5129db6e26cc1d379a77b9', '113.161.85.214', 'Mozilla/5.0 (Windows NT 5.1) AppleWebKit/537.36 (K', 1396856744, ''),
('b47720ed36e7666937815b4bdfb010f5', '113.181.174.94', 'Mozilla/5.0 (Windows NT 6.1; WOW64) AppleWebKit/53', 1396853721, ''),
('b5b263eb642bf63b1b9fb9c44ffd42fa', '113.181.174.94', 'Mozilla/5.0 (Windows NT 6.1; WOW64) AppleWebKit/53', 1396854950, ''),
('bf6a842d298aeb3fb456808c56d6eca2', '113.161.85.214', 'Mozilla/5.0 (Windows NT 5.1) AppleWebKit/537.36 (K', 1396857453, ''),
('cb1c6faf4a3d236ed97e5d5d07f89624', '113.181.174.94', 'Mozilla/5.0 (Windows NT 6.1; WOW64) AppleWebKit/53', 1396855261, ''),
('cc56f67552386caaebe227b2b4f9d1f7', '113.161.85.214', 'Mozilla/5.0 (Windows NT 5.1) AppleWebKit/537.36 (K', 1396857440, ''),
('d017aaef1a472108238ad18c693ffa80', '113.181.174.94', 'Mozilla/5.0 (Windows NT 6.1; WOW64) AppleWebKit/53', 1396854964, ''),
('d7e293c571b3164e41b03ae06e851809', '113.181.174.94', 'Mozilla/5.0 (Windows NT 6.1; WOW64) AppleWebKit/53', 1396853715, ''),
('d865cead681d082bbc3a32547ed0b1d4', '113.161.85.214', 'Mozilla/5.0 (Windows NT 5.1) AppleWebKit/537.36 (K', 1396857680, ''),
('dcec3ddbfd74d5c91ee9848b0a9b4e62', '113.181.174.94', 'Mozilla/5.0 (Windows NT 6.1; WOW64) AppleWebKit/53', 1396856054, ''),
('e246caba6246ab0ca995b665f756b150', '113.161.85.214', 'Mozilla/5.0 (Windows NT 5.1) AppleWebKit/537.36 (K', 1396857671, ''),
('e263c455e51f84c65805785e14a78583', '113.181.174.94', 'Mozilla/5.0 (Windows NT 6.1; WOW64) AppleWebKit/53', 1396853754, ''),
('e2a6f27b87f9e9ecece0fa051e9d5dcc', '113.181.174.94', 'Mozilla/5.0 (Windows NT 6.1; WOW64) AppleWebKit/53', 1396854179, ''),
('e9471a2c7aa9675b5b8a51143bbca563', '113.181.174.94', 'Mozilla/5.0 (Windows NT 6.1; WOW64) AppleWebKit/53', 1396856082, ''),
('e9a7520c1e76dab3893f9c0af0d2fe0b', '113.181.174.94', 'Mozilla/5.0 (Windows NT 6.1; WOW64) AppleWebKit/53', 1396856790, ''),
('e9e58b3cad546850fda2901f347825dd', '113.181.174.94', 'Mozilla/5.0 (Windows NT 6.1; WOW64) AppleWebKit/53', 1396855692, ''),
('ea64304fa1878fa7ad01a9b44374212f', '113.181.174.94', 'Mozilla/5.0 (Windows NT 6.1; WOW64) AppleWebKit/53', 1396856203, ''),
('ebeba56d56d5bcb0a29acb84a459decd', '113.181.174.94', 'Mozilla/5.0 (Windows NT 6.1; WOW64) AppleWebKit/53', 1396857683, ''),
('edc26185163745c7366d621dee976983', '113.181.174.94', 'Mozilla/5.0 (Windows NT 6.1; WOW64) AppleWebKit/53', 1396854939, ''),
('ef765193b1bdb68b92298e85d5d93451', '113.161.85.214', 'Mozilla/5.0 (Windows NT 5.1) AppleWebKit/537.36 (K', 1396856647, ''),
('f0196649881475eacebe34fc1dd3ffad', '113.181.174.94', 'Mozilla/5.0 (Windows NT 6.1; WOW64) AppleWebKit/53', 1396857336, '');

-- --------------------------------------------------------

--
-- Structure de la table `clip_marketing`
--

CREATE TABLE IF NOT EXISTS `clip_marketing` (
  `id` int(11) NOT NULL AUTO_INCREMENT,
  `code` varchar(255) COLLATE utf8_unicode_ci NOT NULL,
  `id_product` int(11) NOT NULL,
  `create_date` int(11) NOT NULL,
  PRIMARY KEY (`id`)
) ENGINE=InnoDB  DEFAULT CHARSET=utf8 COLLATE=utf8_unicode_ci AUTO_INCREMENT=13 ;

--
-- Contenu de la table `clip_marketing`
--

INSERT INTO `clip_marketing` (`id`, `code`, `id_product`, `create_date`) VALUES
(3, 'BIid546vwmg', 37, 1396097497),
(10, 'ssF7_QdU6TM', 41, 1396451781),
(12, 'BIid546vwmg', 1, 1396616027);

-- --------------------------------------------------------

--
-- Structure de la table `contact`
--

CREATE TABLE IF NOT EXISTS `contact` (
  `id` int(11) NOT NULL AUTO_INCREMENT,
  `full_name` varchar(255) NOT NULL,
  `email` varchar(255) NOT NULL,
  `noi_dung` text NOT NULL,
  `reply` text NOT NULL,
  PRIMARY KEY (`id`)
) ENGINE=MyISAM  DEFAULT CHARSET=utf8 AUTO_INCREMENT=3 ;

-- --------------------------------------------------------

--
-- Structure de la table `faq`
--

CREATE TABLE IF NOT EXISTS `faq` (
  `id` int(11) NOT NULL AUTO_INCREMENT,
  `name` varchar(255) COLLATE utf8_unicode_ci NOT NULL,
  `title` varchar(255) COLLATE utf8_unicode_ci NOT NULL,
  `email` varchar(255) COLLATE utf8_unicode_ci NOT NULL,
  `question` text COLLATE utf8_unicode_ci NOT NULL,
  `answer` text COLLATE utf8_unicode_ci NOT NULL,
  `status` int(11) NOT NULL,
  `create_date` int(11) NOT NULL,
  PRIMARY KEY (`id`)
) ENGINE=InnoDB  DEFAULT CHARSET=utf8 COLLATE=utf8_unicode_ci AUTO_INCREMENT=9 ;

--
-- Contenu de la table `faq`
--

INSERT INTO `faq` (`id`, `name`, `title`, `email`, `question`, `answer`, `status`, `create_date`) VALUES
(4, 'Nguyễn Đình Hán', 'Khu phong vượng cốt khí và Khí cốt đan', 'hanmarketings@gmail.com', '<p><span style="font-size:18px"><span style="font-family:georgia,serif">T&ocirc;i muốn hỏi sản phẩm Khu Phong Vượng Cốt Kh&iacute; v&agrave; Kh&iacute; Cốt Đan c&oacute; t&aacute;c dụng giống nhau kh&ocirc;ng?</span></span></p>\n', '<p style="text-align:justify"><span style="color:#0000CD"><span style="font-size:18px"><span style="font-family:georgia,serif">Ch&uacute;ng t&ocirc;i xin trả lời!</span></span></span></p>\n\n<p style="text-align:justify"><span style="color:#0000CD"><span style="font-size:18px"><span style="font-family:georgia,serif">Khu Phong Vượng Cốt Kh&iacute; v&agrave; Kh&iacute; Cốt Đan đều&nbsp;chứa c&aacute;c th&agrave;nh phần giống nhau v&agrave; c&oacute; t&aacute;c dụng giống nhau.Nhưng hai sản phẩm n&agrave;y được b&agrave;o chế ở hai c&aacute;ch kh&aacute;c nhau.</span></span></span></p>\n\n<p style="text-align:justify"><span style="color:#0000CD"><span style="font-size:18px"><span style="font-family:georgia,serif">-&nbsp;Khu Phong Vượng Cốt Kh&iacute; được ng&acirc;m trong rượu v&agrave; d&agrave;nh cho người kh&ocirc;ng bị mắc c&aacute;c bệnh Tai biến,Cao huyết &aacute;p v&agrave; Đau dạ d&agrave;y.</span></span></span></p>\n\n<p style="text-align:justify"><span style="color:#0000CD"><span style="font-size:18px"><span style="font-family:georgia,serif">- Kh&iacute; Cốt Đan&nbsp;được b&agrave;o chế ở dạng vi&ecirc;n ho&agrave;n tễ,d&agrave;nh cho mọi&nbsp;người bệnh.</span></span></span></p>\n', 1, 1396798299),
(6, 'Nguyễn Đình Hán', 'Tác dụng phụ?', 'hanmarketings@gmail.com', '<p><span style="font-size:18px"><span style="font-family:georgia,serif">D&ugrave;ng sản phẩm Khu Phong Vượng Cốt Kh&iacute; v&agrave; Kh&iacute; Cốt Đan&nbsp;c&oacute; t&aacute;c dụng phụ kh&ocirc;ng?</span></span></p>\n', '<p><span style="color:#0000CD"><span style="font-size:18px"><span style="font-family:georgia,serif">Ch&uacute;ng t&ocirc;i xin trả lời!</span></span></span></p>\n\n<p><span style="color:#0000CD"><span style="font-size:18px"><span style="font-family:georgia,serif">D&ugrave;ng thuốc đ&ocirc;ng y kh&ocirc;ng c&oacute; t&aacute;c dụng phụ. Nếu c&oacute; trường hợp đi ngo&agrave;i l&agrave; do thuốc m&aacute;t qu&aacute;, l&uacute;c đ&oacute; bạn gọi điện trực tiếp cho ch&uacute;ng t&ocirc;i để được hướng dẫn cụ thể.</span></span></span></p>\n', 1, 1396799952),
(7, 'Nguyễn Đình Hán', 'Ảnh hưởng đến thận?', 'hanmarketings@gmail.com', '<p><span style="font-size:18px"><span style="font-family:georgia,serif">D&ugrave;ng sản phẩm <span style="background-color:#FFD700">&nbsp;Khu Phong Vượng Cốt Kh&iacute; v&agrave; Kh&iacute; Cốt Đan</span>&nbsp;&nbsp;c&oacute; ảnh hưởng g&igrave; đến gan thận.T&ocirc;i thận yếu uống thuốc đ&ocirc;ng y sợ sẽ kh&ocirc;ng đ&agrave;o thải được?</span></span></p>\n', '<p><span style="color:#0000CD"><span style="font-size:18px"><span style="font-family:georgia,serif">Ch&uacute;ng t&ocirc;i xin trả lời!</span></span></span></p>\n\n<p><span style="color:#0000CD"><span style="font-size:18px"><span style="font-family:georgia,serif">Thuốc đ&ocirc;ng y c&oacute; t&aacute;c dụng m&aacute;t gan, bổ gan, bổ thận kh&ocirc;ng c&oacute; ảnh hưởng xấu đến gan thận như thắc mắc của bạn. Uống thuốc đ&ocirc;ng y hỗ trợ sức khỏe, n&acirc;ng cao thể trạng. Phụ nữ uống thuốc đ&ocirc;ng y gi&uacute;p bổ huyết, giải độc gi&uacute;p khỏe v&agrave; đẹp da. Đ&agrave;n &ocirc;ng uống thuốc bổ thận, n&acirc;ng cao sức khỏe v&agrave; tăng cường khả năng sinh l&yacute;.</span></span></span></p>\n', 1, 1396800394),
(8, 'Nguyễn Đình Hán', 'Tây y và Đông y?', 'hanmarketings@gmail.com', '<p><span style="font-size:18px"><span style="font-family:georgia,serif">T&ocirc;i&nbsp;vừa uống thuốc T&acirc;y y vừa uống thuốc đ&ocirc;ng y.Xin hỏi&nbsp;c&oacute; ảnh hưởng g&igrave; kh&ocirc;ng?</span></span></p>\n', '<p><span style="color:#0000CD"><span style="font-size:18px"><span style="font-family:georgia,serif">Ch&uacute;ng t&ocirc;i xin trả lời!</span></span></span></p>\n\n<p><span style="color:#0000CD"><span style="font-size:18px"><span style="font-family:georgia,serif">Bạn vẫn d&ugrave;ng được nhưng c&aacute;ch nhau v&agrave;i tiếng l&agrave; được .</span></span></span></p>\n', 1, 1396800576);

-- --------------------------------------------------------

--
-- Structure de la table `info_company`
--

CREATE TABLE IF NOT EXISTS `info_company` (
  `id` int(11) NOT NULL AUTO_INCREMENT,
  `address` text COLLATE utf8_unicode_ci NOT NULL,
  `footer` text COLLATE utf8_unicode_ci NOT NULL,
  PRIMARY KEY (`id`)
) ENGINE=InnoDB  DEFAULT CHARSET=utf8 COLLATE=utf8_unicode_ci AUTO_INCREMENT=2 ;

--
-- Contenu de la table `info_company`
--

INSERT INTO `info_company` (`id`, `address`, `footer`) VALUES
(1, 'Công Ty Cổ Phần Việt Mông Cổ: 384 - Phan Đình Phùng - thành phố Thái Nguyên </br> Điện thoại: 0918.870.781 - 0984.302.50\n', '<div style="width:1000px;margin: 0 auto 0 auto;">\n          <ul id="menu_foot">\n            <li>\n              <a href="/trang-chu">\n                Trang chủ  </a>\n            </li>\n            <li>\n              <a href="/tin-tuc">\n                Tin Tức		</a>\n            </li>\n            <li>\n              <a href="/hoi-dap">\n                Hỏi đáp  </a>\n            </li>\n            <li>\n              <a href="/lien-he">\n                Liên hệ		</a>\n            </li>\n          </ul>\n          <div style="clear:both"></div>\n</div>');

-- --------------------------------------------------------

--
-- Structure de la table `login_attempts`
--

CREATE TABLE IF NOT EXISTS `login_attempts` (
  `id` int(11) NOT NULL AUTO_INCREMENT,
  `ip_address` varchar(40) COLLATE utf8_bin NOT NULL,
  `login` varchar(50) COLLATE utf8_bin NOT NULL,
  `time` timestamp NOT NULL DEFAULT CURRENT_TIMESTAMP ON UPDATE CURRENT_TIMESTAMP,
  PRIMARY KEY (`id`)
) ENGINE=InnoDB  DEFAULT CHARSET=utf8 COLLATE=utf8_bin AUTO_INCREMENT=41 ;

-- --------------------------------------------------------

--
-- Structure de la table `mail_book`
--

CREATE TABLE IF NOT EXISTS `mail_book` (
  `id` int(11) NOT NULL AUTO_INCREMENT,
  `content` text CHARACTER SET utf8 COLLATE utf8_unicode_ci NOT NULL,
  PRIMARY KEY (`id`)
) ENGINE=InnoDB  DEFAULT CHARSET=latin1 AUTO_INCREMENT=7 ;

--
-- Contenu de la table `mail_book`
--

INSERT INTO `mail_book` (`id`, `content`) VALUES
(6, '<h1>&nbsp; &nbsp; &nbsp; &nbsp; &nbsp; &nbsp; &nbsp; &nbsp; &nbsp; &nbsp; &nbsp; &nbsp; &nbsp; &nbsp; &nbsp; &nbsp; &nbsp; &nbsp; &nbsp; &nbsp; &nbsp; &nbsp;&nbsp;<img alt="" src="https://ci5.googleusercontent.com/proxy/_H8VTpM7iXR12betaA0pOwoKwy3iHJYNr3q5y_-4HbyHHkESf9rhh0_6aHr3zbAvsl_GCnJYOP1_bZ74teEnaJroeFkih7zC9GnjF6gyfvDJNhcSipU=s0-d-e1-ft#http://ctv.vietmongco.vn/wp-content/uploads/2014/04/Picture1.png" style="min-height:125px; width:150px" /></h1>\n\n<div class="im" style="color: rgb(80, 0, 80); font-family: arial, sans-serif; line-height: normal;">\n<h1><span style="color:rgb(178, 34, 34)"><span style="font-size:20px"><strong>Việt M&ocirc;ng Cổ xin ch&agrave;o bạn!</strong></span></span></h1>\n</div>\n\n<div style="color: rgb(34, 34, 34); font-family: arial, sans-serif; font-size: small; line-height: normal;"><span style="font-family:georgia,serif"><span style="font-size:18px"><strong>Ch&uacute;ng t&ocirc;i đ&atilde; nhận được th&ocirc;ng tin bạn đăng k&yacute; tr&ecirc;n web&nbsp;<a href="http://vietmongco.vn/" style="color: rgb(17, 85, 204);" target="_blank">VIETMONGCO.VN</a>&nbsp;để nhận Ebook qu&agrave; tặng của ch&uacute;ng t&ocirc;i.Dưới đ&acirc;y l&agrave; th&ocirc;ng tin cũng như link để bạn tải ebook n&agrave;y về.</strong></span></span></div>\n\n<div style="color: rgb(34, 34, 34); font-family: arial, sans-serif; font-size: small; line-height: normal;">\n<p>&nbsp;&nbsp;<span style="font-family:georgia,serif"><span style="font-size:18px">&nbsp; &nbsp; &nbsp; &nbsp; &nbsp; &nbsp; &nbsp; &nbsp; &nbsp; &nbsp; &nbsp; &nbsp; &nbsp; &nbsp; &nbsp; &nbsp; &nbsp; &nbsp; &nbsp; &nbsp; &nbsp; &nbsp; &nbsp; &nbsp; &nbsp; &nbsp; &nbsp; &nbsp; &nbsp; &nbsp; &nbsp; &nbsp; &nbsp; &nbsp;<img alt="" src="https://ci4.googleusercontent.com/proxy/Vh42LDKR49DP4pClgJBHnfzJFcy--aIXWvU1A6CKwulizMimhUD5pI3V-Pp0XkmsneT7tFVgSiSrHbF-aXFG3CqAvKQltK2K9YjiFEI7D5B7zBoyQugk1ksGCZbFR6sY2wgR6g=s0-d-e1-ft#http://ctv.vietmongco.vn/wp-content/uploads/2014/04/577-bai-thuoc-dan-gian.png" style="line-height:20.799999237060547px; min-height:150px; width:200px" /></span></span></p>\n\n<div class="im" style="color: rgb(80, 0, 80);">\n<p><span style="font-family:georgia,serif"><span style="font-size:18px"><strong>&nbsp; &nbsp; &nbsp; &nbsp; &nbsp; &nbsp; &nbsp; &nbsp; &nbsp; &nbsp; &nbsp; &nbsp; &nbsp; &nbsp; &nbsp;&nbsp;<span style="color:rgb(178, 34, 34)">557 b&agrave;i thuốc d&acirc;n gian gia truyền -</span></strong><span style="color:rgb(178, 34, 34)"><strong>&nbsp;Ebook</strong></span></span></span></p>\n\n<p><span style="font-family:georgia,serif"><span style="font-size:18px">Ebook&nbsp;gồm 577 b&agrave;i thuốc chữa trị bệnh thường gặp, c&aacute;c b&agrave;i thuốc được tr&ecirc;n nguy&ecirc;n &nbsp;tắc&nbsp;quan&nbsp;trọng l&agrave; bổ sung c&aacute;c kho&aacute;ng chất, c&aacute;c vitamin để tăng sức đề kh&aacute;ng của cơ &nbsp;thể.</span></span></p>\n\n<p><span style="font-family:georgia,serif"><span style="font-size:18px">Dưới đ&acirc;y l&agrave; link Tải Ebook:&nbsp;<strong><a href="https://www.amazon.com/clouddrive/share?s=MnRze-LXRfMlT5sLhUCJI4" style="color: rgb(17, 85, 204);" target="_blank">CLICK V&Agrave;O Đ&Acirc;Y ĐỂ TẢI EBOOK - 557 B&Agrave;I THUỐ</a></strong><strong><a href="https://www.amazon.com/clouddrive/share?s=MnRze-LXRfMlT5sLhUCJI4" style="color: rgb(17, 85, 204);" target="_blank">C D&Acirc;N GIAN GIA TRUYỀN&nbsp;</a></strong></span></span></p>\n</div>\n\n<p><span style="font-family:georgia,serif"><span style="font-size:18px">************************************************************</span></span></p>\n\n<div class="im" style="color: rgb(80, 0, 80);"><br />\n<span style="font-family:georgia,serif"><span style="font-size:18px">-&nbsp;<strong>Khu Phong Vượng Cốt Kh&iacute;:</strong>&nbsp;<a href="http://goo.gl/C05776" style="color: rgb(17, 85, 204);" target="_blank"><strong>goo.gl/C05776</strong></a><br />\n<strong>- Kh&iacute; Cốt Đan:&nbsp;</strong><a href="http://goo.gl/ci6Vmp" style="color: rgb(17, 85, 204);" target="_blank"><strong>goo.gl/ci6Vmp</strong></a><br />\n-&nbsp;<strong>Cao Gobi-Mongo</strong>:&nbsp;<strong><a href="http://goo.gl/P2nsfa" style="color: rgb(17, 85, 204);" target="_blank">goo.gl/P2nsfa</a></strong></span></span></div>\n\n<div class="im" style="color: rgb(80, 0, 80);"><strong style="font-family:georgia,serif; font-size:18px">- Ngự Tửu Qu&acirc;n Vương:&nbsp;<a href="http://goo.gl/U2JWW8" style="color: rgb(17, 85, 204);" target="_blank">goo.gl/U2JWW8</a></strong></div>\n\n<table border="1" style="height:152px; width:810px">\n	<tbody>\n		<tr>\n			<th scope="col">\n			<p><span style="font-family:arial,helvetica,sans-serif"><span style="font-size:18px">VMC tr&ecirc;n:</span></span></p>\n\n			<p><span style="font-family:arial,helvetica,sans-serif"><span style="font-size:18px"><a href="https://www.facebook.com/vietmongco.vn" style="color: rgb(17, 85, 204);" target="_blank"><img alt="Việt Mông Cổ" src="https://ci3.googleusercontent.com/proxy/jj51WDWiWTHFrN-78jqc0bM835WOiMPpM3a2bod1LmDXvYI1osSpPiTAdECdDzQB24SuCnE59GWitS-xqVVDYQmgeWI-2RGFK0erEhBEcnNgUwZ25D-jnQ=s0-d-e1-ft#http://nll.com.vn/ban-hang-nhu-chuyen-gia/images/facebook_icon.png" style="min-height:42px; width:39px" /></a>&nbsp;&nbsp;<a href="https://www.youtube.com/user/vietmongco" style="color: rgb(17, 85, 204);" target="_blank"><img alt="youtube VMC" src="https://ci6.googleusercontent.com/proxy/U95sdbdWK9m1axir1rwD3mT2zmkyebGsbN-_QZOI6NoPY3cjDNoHAefsrDlUD8hcAYUVZR8P8INuUIY_NK8fEMpv0rm_--tE4IL6CCB5NOitKmHD67eJ=s0-d-e1-ft#http://nll.com.vn/ban-hang-nhu-chuyen-gia/images/youtube_icon.png" style="min-height:40px; width:38px" /></a></span></span></p>\n			</th>\n			<th scope="col">\n			<p><span style="font-family:arial,helvetica,sans-serif"><span style="font-size:18px">C&Ocirc;NG TY CỔ PHẦN VIỆT M&Ocirc;NG CỔ</span></span></p>\n\n			<p><span style="font-family:arial,helvetica,sans-serif"><span style="font-size:18px">ADD: đường Phan Đ&igrave;nh Ph&ugrave;ng - tp Th&aacute;i Nguy&ecirc;n - tỉnh Th&aacute;i Nguy&ecirc;n<br />\n			SĐT: 0918.870.781 - 0984.302.50<br />\n			Email:&nbsp;<a href="mailto:hotro@vietmongco.vn" style="color: rgb(17, 85, 204);" target="_blank">hotro@vietmongco.vn</a>&nbsp;-&nbsp;Website:&nbsp;<a href="http://vietmongco.vn/" style="color: rgb(17, 85, 204);" target="_blank">www.vietmongco.vn</a></span></span></p>\n\n			<p>&nbsp;</p>\n			</th>\n		</tr>\n	</tbody>\n</table>\n</div>\n');

-- --------------------------------------------------------

--
-- Structure de la table `mail_book_customer`
--

CREATE TABLE IF NOT EXISTS `mail_book_customer` (
  `id` int(11) NOT NULL AUTO_INCREMENT,
  `full_name` varchar(255) COLLATE utf8_unicode_ci NOT NULL,
  `email` varchar(255) COLLATE utf8_unicode_ci NOT NULL,
  `phone` varchar(255) COLLATE utf8_unicode_ci NOT NULL,
  PRIMARY KEY (`id`)
) ENGINE=InnoDB  DEFAULT CHARSET=utf8 COLLATE=utf8_unicode_ci AUTO_INCREMENT=12 ;

--
-- Contenu de la table `mail_book_customer`
--

INSERT INTO `mail_book_customer` (`id`, `full_name`, `email`, `phone`) VALUES
(11, 'Han', 'hanmarketings@gmail.com', '0985389098765');

-- --------------------------------------------------------

--
-- Structure de la table `message`
--

CREATE TABLE IF NOT EXISTS `message` (
  `id` int(11) NOT NULL AUTO_INCREMENT,
  `title` varchar(255) COLLATE utf8_unicode_ci NOT NULL,
  `content` text COLLATE utf8_unicode_ci NOT NULL,
  `type` int(11) NOT NULL,
  `create_date` int(11) NOT NULL,
  PRIMARY KEY (`id`)
) ENGINE=InnoDB  DEFAULT CHARSET=utf8 COLLATE=utf8_unicode_ci AUTO_INCREMENT=18 ;

-- --------------------------------------------------------

--
-- Structure de la table `message_detail`
--

CREATE TABLE IF NOT EXISTS `message_detail` (
  `id` int(11) NOT NULL AUTO_INCREMENT,
  `id_message` int(11) NOT NULL,
  `id_user` int(11) NOT NULL,
  `status` int(11) NOT NULL,
  PRIMARY KEY (`id`)
) ENGINE=InnoDB  DEFAULT CHARSET=utf8 COLLATE=utf8_unicode_ci AUTO_INCREMENT=23 ;

-- --------------------------------------------------------

--
-- Structure de la table `news`
--

CREATE TABLE IF NOT EXISTS `news` (
  `id` int(11) NOT NULL AUTO_INCREMENT,
  `title` varchar(255) COLLATE utf8_unicode_ci NOT NULL,
  `content` text COLLATE utf8_unicode_ci NOT NULL,
  `img` varchar(255) COLLATE utf8_unicode_ci NOT NULL,
  `create_date` int(11) NOT NULL,
  PRIMARY KEY (`id`)
) ENGINE=InnoDB  DEFAULT CHARSET=utf8 COLLATE=utf8_unicode_ci AUTO_INCREMENT=34 ;

--
-- Contenu de la table `news`
--

INSERT INTO `news` (`id`, `title`, `content`, `img`, `create_date`) VALUES
(26, 'Hướng dẫn thanh toán', '<p style="text-align:center"><strong><span style="font-size:18px"><span style="font-family:georgia,serif">Bạn h&atilde;y lựa một trong số c&aacute;c t&agrave;i khoản dưới d&acirc;y để thanh to&aacute;n</span></span></strong></p>\n\n<p>&nbsp;</p>\n\n<p style="margin-left:auto; text-align:center"><span style="color:#B22222"><span style="font-size:18px"><span style="font-family:georgia,serif"><strong>THANH TO&Aacute;N CHUYỂN KHOẢN QUA NG&Acirc;N H&Agrave;NG&nbsp;</strong></span></span></span></p>\n\n<p style="margin-left:auto">&nbsp;</p>\n\n<p style="text-align:center"><span style="font-size:18px"><span style="font-family:georgia,serif">Khi thanh to&aacute;n chuyển khoản bạn nhớ ghi&nbsp;Họ&nbsp;T&ecirc;n v&agrave; điện thoại&nbsp;</span></span><span style="font-family:georgia,serif; font-size:18px">của m&igrave;nh v&agrave;o&nbsp;&ocirc; nội dung chuyển tiền&nbsp;để ch&uacute;ng t&ocirc;i tiện theo d&otilde;i.</span></p>\n\n<p style="text-align:center"><span style="font-family:georgia,serif; font-size:18px">**************************</span></p>\n\n<p style="text-align:center"><span style="font-size:18px"><span style="font-family:georgia,serif">Nếu chuyển trực tiếp tại c&acirc;y ATM th&igrave; sau khi&nbsp;chuyển xong bạn h&atilde;y&nbsp;</span></span><span style="font-family:georgia,serif; font-size:18px">th&ocirc;ng b&aacute;o về cho &nbsp; &nbsp; &nbsp; &nbsp; &nbsp;ch&uacute;ng t&ocirc;i qua Email hay Hotline ở dưới&nbsp;để&nbsp;x&aacute;c nhận:</span></p>\n\n<p style="margin-left:auto; text-align:center"><span style="color:#0000FF"><span style="font-size:18px"><span style="font-family:georgia,serif"><strong>Hotline:</strong><strong>&nbsp;0918.870.781</strong></span></span></span></p>\n\n<p style="margin-left:auto; text-align:center"><span style="color:#0000FF"><span style="font-size:18px"><span style="font-family:georgia,serif"><strong>hotro@vietmongco.vn</strong></span></span></span></p>\n\n<p style="margin-left:auto; text-align:center"><span style="font-size:18px"><span style="font-family:georgia,serif"><strong>********************************</strong></span></span><strong>​</strong></p>\n\n<div style="margin-left:auto;">\n<p style="margin-left:auto; text-align:center"><span style="font-family:tahoma,geneva,sans-serif"><span style="color:#B22222"><span style="font-size:18px"><strong><strong>Số t&agrave;i khoản : 20001010917643</strong></strong></span></span></span></p>\n\n<div style="margin-left: auto; text-align: center;"><span style="font-family:tahoma,geneva,sans-serif"><span style="font-size:18px"><span style="color:#000080"><strong>T&ecirc;n t&agrave;i khoản: NGUYỄN Đ&Igrave;NH H&Aacute;N</strong></span></span></span></div>\n\n<div style="margin-left: auto; text-align: center;"><span style="font-family:tahoma,geneva,sans-serif"><span style="font-size:18px"><span style="color:#000080"><strong>Ng&acirc;n h&agrave;ng TMCP H&agrave;ng Hải &nbsp;- Chi nh&aacute;nh Hải Dương</strong></span></span></span></div>\n\n<div style="margin-left: auto; text-align: center;"><span style="font-size:18px"><span style="font-family:georgia,serif"><span style="color:#000080"><strong>​**************************</strong></span></span></span></div>\n</div>\n\n<div style="margin-left:auto;">\n<p style="margin-left:auto; text-align:center"><span style="font-family:tahoma,geneva,sans-serif"><span style="color:#B22222"><span style="font-size:18px"><strong><strong>Số t&agrave;i khoản : 0591000200817</strong></strong></span></span></span></p>\n\n<div style="margin-left: auto; text-align: center;"><span style="font-family:tahoma,geneva,sans-serif"><span style="color:#000080"><span style="font-size:18px"><strong>T&ecirc;n t&agrave;i khoản: NGUYỄN THỊ HUỆ</strong></span></span></span></div>\n\n<div style="margin-left: auto; text-align: center;"><span style="font-family:tahoma,geneva,sans-serif"><span style="color:#000080"><span style="font-size:18px"><strong>Ng&acirc;n h&agrave;ng Vietcombank - chi nh&aacute;nh Hưng Y&ecirc;n</strong></span></span></span></div>\n</div>\n', '98412d802656506fb20d4bf475ea3294.jpg', 1396117365);

-- --------------------------------------------------------

--
-- Structure de la table `order_customer`
--

CREATE TABLE IF NOT EXISTS `order_customer` (
  `id` int(11) NOT NULL AUTO_INCREMENT,
  `full_name` varchar(255) COLLATE utf8_unicode_ci NOT NULL,
  `address` varchar(255) COLLATE utf8_unicode_ci NOT NULL,
  `phone` varchar(255) COLLATE utf8_unicode_ci NOT NULL,
  `email` varchar(255) COLLATE utf8_unicode_ci NOT NULL,
  `yahoo` varchar(255) COLLATE utf8_unicode_ci NOT NULL,
  `id_ref` int(11) NOT NULL,
  `status` int(11) NOT NULL,
  `create_date` int(11) NOT NULL,
  PRIMARY KEY (`id`)
) ENGINE=InnoDB  DEFAULT CHARSET=utf8 COLLATE=utf8_unicode_ci AUTO_INCREMENT=71 ;

--
-- Contenu de la table `order_customer`
--

INSERT INTO `order_customer` (`id`, `full_name`, `address`, `phone`, `email`, `yahoo`, `id_ref`, `status`, `create_date`) VALUES
(65, 'NTG', 'gg', 'gg', 'nguyentruonggiang91@gmail.com', 'sss', 0, 0, 1396545040),
(66, 'han', 'hd', '0987655', 'hanmarketings@gmail.com', '', 0, 0, 1396617700),
(67, 'han', 'hd', '098776', 'hanmarketings@gmail.com', '', 0, 0, 1396710202),
(68, 'han', 'han', 'otroeyue', 'wwertrehgjd', '', 0, 0, 1396789167),
(69, 'han', 'han', '0988776653', 'wwertrehgjd@gmail.com', '', 0, 0, 1396789243),
(70, 'han', 'han', '0988776653', 'wwertrehgjd@gmail.com', '', 0, 0, 1396789545);

-- --------------------------------------------------------

--
-- Structure de la table `order_detail`
--

CREATE TABLE IF NOT EXISTS `order_detail` (
  `id` int(11) NOT NULL AUTO_INCREMENT,
  `id_user` int(11) NOT NULL,
  `id_product` int(11) NOT NULL,
  `quantity` int(11) NOT NULL,
  `price` int(11) NOT NULL,
  `commissions` varchar(255) COLLATE utf8_unicode_ci NOT NULL,
  `ip_user` varchar(255) COLLATE utf8_unicode_ci NOT NULL,
  `id_ref` int(11) NOT NULL,
  `order_id` int(11) NOT NULL,
  `status_money` int(11) NOT NULL,
  `create_date` int(11) NOT NULL,
  PRIMARY KEY (`id`)
) ENGINE=InnoDB  DEFAULT CHARSET=utf8 COLLATE=utf8_unicode_ci AUTO_INCREMENT=59 ;

--
-- Contenu de la table `order_detail`
--

INSERT INTO `order_detail` (`id`, `id_user`, `id_product`, `quantity`, `price`, `commissions`, `ip_user`, `id_ref`, `order_id`, `status_money`, `create_date`) VALUES
(53, 1, 1, 1, 472000, '0', '115.73.224.7', 0, 65, 0, 1396545040),
(54, 1, 43, 1, 2124000, '0', '113.168.29.81', 0, 66, 0, 1396617700),
(55, 1, 1, 9, 590000, '0', '113.168.29.81', 0, 67, 0, 1396710202),
(56, 1, 1, 1, 4779000, '0', '113.181.174.94', 0, 68, 0, 1396789167),
(57, 1, 1, 1, 4779000, '0', '113.181.174.94', 0, 69, 0, 1396789243),
(58, 1, 1, 1, 4779000, '0', '113.181.174.94', 0, 70, 0, 1396789545);

-- --------------------------------------------------------

--
-- Structure de la table `product`
--

CREATE TABLE IF NOT EXISTS `product` (
  `id_product` int(11) NOT NULL AUTO_INCREMENT,
  `title` varchar(255) COLLATE utf8_unicode_ci NOT NULL,
  `description` varchar(1000) COLLATE utf8_unicode_ci NOT NULL,
  `content` text COLLATE utf8_unicode_ci NOT NULL,
  `exp_date` varchar(255) COLLATE utf8_unicode_ci NOT NULL,
  `comission` int(11) NOT NULL,
  `id_cate` int(11) NOT NULL,
  `position` int(11) NOT NULL,
  `cost` varchar(255) COLLATE utf8_unicode_ci NOT NULL,
  `img` varchar(255) COLLATE utf8_unicode_ci NOT NULL,
  PRIMARY KEY (`id_product`)
) ENGINE=InnoDB  DEFAULT CHARSET=utf8 COLLATE=utf8_unicode_ci AUTO_INCREMENT=46 ;

--
-- Contenu de la table `product`
--

INSERT INTO `product` (`id_product`, `title`, `description`, `content`, `exp_date`, `comission`, `id_cate`, `position`, `cost`, `img`) VALUES
(1, 'Thoái hóa khớp', '<p style="text-align:justify"><span style="color:rgb(85, 85, 85); font-family:georgia,serif; font-size:18px">Yếu tố thời gian về tuổi t&aacute;c , sự thay đổi của thời tiết cũng như m&ocirc;i trường sống ảnh hưởng rất nhiều đến sức khỏe của c&aacute;c th&agrave;nh vi&ecirc;n trong gia đ&igrave;nh đặc biệt l&agrave; những người bước v&agrave;o tuổi trung ni&ecirc;n. Thời kỳ n&agrave;y ph&aacute;t sinh rất nhiều loại bệnh từ tho&aacute;i h&oacute;a khớp, tho&aacute;t vị đĩa đệm, vi&ecirc;m khớp, đau lưng hay bệnh của &ldquo;nh&agrave; gi&agrave;u&rdquo; &ndash; bệnh g&uacute;t &ndash; rất kh&oacute; chữa trị v&agrave; phục hồi sức khỏe.</span></p>\n', '<p style="text-align:center"><img alt="" src="http://ctv.vietmongco.vn/wp-content/uploads/2014/04/tin-soc-viet-mong-co.png" style="height:93px; width:479px" />​</p>\n\n<p style="text-align:center"><img src="http://www.humananatomycourse.com/images/arrow.gif" /><span style="background-color:rgb(255, 255, 255); font-family:oswald,sans-serif; font-size:20px"><span style="font-family:georgia,serif"><strong><span style="font-size:24px">Chỉ c&oacute;</span></strong></span></span><span style="background-color:rgb(255, 255, 255); color:rgb(72, 72, 72); font-family:oswald,sans-serif; font-size:20px">&nbsp;</span><span style="background-color:rgb(255, 255, 255); font-family:oswald,sans-serif; font-size:20px"><span style="font-family:impact; font-size:36px"><strong><span style="background-color:rgb(255, 255, 0)">5.310.000 đồng/</span></strong></span></span><span style="background-color:rgb(255, 255, 255); color:rgb(72, 72, 72); font-family:georgia,serif; font-size:20px"><span style="color:rgb(0, 0, 0)"><span style="font-size:36px"><strong><span style="font-size:24px">liệu tr&igrave;nh để&nbsp;khỏi bệnh khớp</span></strong></span></span></span></p>\n\n<p style="text-align:center"><strong><em><img alt="" class="add_cart_button" id="btn_mua_contcnt" src="http://ctv.vietmongco.vn/wp-content/uploads/2014/04/dat-mua-ngay.png" style="height:150px; opacity:0.9; width:250px" /></em></strong></p>\n\n<h3 style="text-align:-webkit-center"><span style="color:#000000"><em>Thanh to&aacute;n an to&agrave;n qua b&ecirc;n trung gian!</em></span></h3>\n\n<h3 style="text-align:-webkit-center"><a href="https://www.nganluong.vn/checkout.php?merchant_site_code=32491&amp;return_url=http%3A%2F%2Fvietmongco.vn%2Fhome%2Fmember%2Fket_qua&amp;receiver=nguyendinhhan7781%40gmail.com&amp;transaction_info=&amp;order_code=VMC-70&amp;price=4779000&amp;currency=vnd&amp;quantity=1&amp;tax=0&amp;discount=0&amp;fee_cal=0&amp;fee_shipping=0&amp;order_description=&amp;buyer_info=&amp;affiliate_code=&amp;secure_code=0ff0ab8809238320fa82fe1e380a74c5" onclick="window.open(this.href, ''ThanhtonantonquaNgnLng'', ''resizable=yes,status=no,location=no,toolbar=no,menubar=no,fullscreen=no,scrollbars=no,dependent=no,width=1000,height=700''); return false;"><img alt="Nganluong" src="http://vietmongco.vn/template/ezwebvietnam/home/nganluong.png" /></a><a href="https://www.baokim.vn/payment/customize_payment/order?business=nguyendinhhan7781%40gmail.com&amp;merchant_id=12661&amp;order_description=0&amp;order_id=VMC-70&amp;shipping_fee=0&amp;tax_fee=0&amp;total_amount=4779000&amp;url_cancel=http%3A%2F%2Fvietmongco.vn%2F&amp;url_detail=http%3A%2F%2Fvietmongco.vn%2F&amp;url_success=http%3A%2F%2Fvietmongco.vn%2Fhome%2Fmember%2Fket_qua&amp;checksum=03F9D5898B64F8CC36C1BBF6A49E0C47" onclick="window.open(this.href, '''', ''resizable=yes,status=no,location=no,toolbar=no,menubar=no,fullscreen=no,scrollbars=no,dependent=no,width=1000,height=700''); return false;"><img alt="Baokim" src="http://vietmongco.vn/template/ezwebvietnam/home/baokim.png" style="opacity:0.9" /></a></h3>\n\n<div style="margin: 0px auto; padding: 0px; color: rgb(68, 68, 68); font-family: Arial, Verdana, Helvetica, sans-serif; font-size: 16px; line-height: 18px; text-align: center;">\n<div class="bluebox8" id="jbox" style="margin: 10px auto 0px; padding: 10px 20px; border: 3px solid rgb(169, 217, 250); outline: 0px; font-family: ''\\\\\\''Open Sans\\\\\\''''; vertical-align: baseline; border-top-left-radius: 3px; border-top-right-radius: 3px; border-bottom-right-radius: 3px; border-bottom-left-radius: 3px; position: relative; color: rgb(85, 85, 85); line-height: 16px; width: 800px;">\n<h1 style="text-align:center"><span style="font-size:22px"><span style="font-family:georgia,serif"><span style="color:rgb(255, 0, 0)"><strong>L&agrave;m g&igrave; để bảo vệ sức khỏe cho người cao tuổi?</strong></span></span></span></h1>\n</div>\n\n<p style="text-align:justify">&nbsp;</p>\n\n<p style="text-align:justify"><big><span style="font-family:georgia,serif"><span style="font-size:18px">Yếu tố thời gian về tuổi t&aacute;c,sự thay đổi của thời tiết cũng như m&ocirc;i trường sống ảnh hưởng rất nhiều&nbsp;</span></span><span style="font-family:georgia,serif; font-size:18px">đến&nbsp;</span></big><span style="font-family:georgia,serif; font-size:18px">sức khỏe của&nbsp;c&aacute;c th&agrave;nh vi&ecirc;n trong gia đ&igrave;nh đặc biệt l&agrave; những người bước v&agrave;o tuổi trung ni&ecirc;n. Thời&nbsp;</span><span style="font-family:georgia,serif; font-size:18px">kỳ&nbsp;</span><span style="font-family:georgia,serif; font-size:18px">n&agrave;y ph&aacute;t sinh rất nhiều&nbsp;loại bệnh từ <strong>tho&aacute;i h&oacute;a khớp, tho&aacute;t vị đĩa đệm, vi&ecirc;m khớp, đau lưng</strong> hay&nbsp;</span><span style="font-family:georgia,serif; font-size:18px">bệnh&nbsp;</span><span style="font-family:georgia,serif; font-size:18px">của &ldquo;nh&agrave; gi&agrave;u&rdquo; &ndash; <strong>bệnh g&uacute;t </strong>&ndash; rất&nbsp;kh&oacute; chữa trị v&agrave; phục hồi sức khỏe.</span></p>\n\n<h1 style="text-align:justify">&nbsp;</h1>\n\n<h1 style="text-align:justify"><span style="font-size:18px"><s><strong><span style="color:rgb(0, 0, 0); font-family:georgia,serif"><span style="background-color:#FFFF00">Vậy c&aacute;ch ph&ograve;ng ngừa v&agrave; chữa trị hiệu quả cho những căn bệnh &ldquo;kh&ocirc;ng mời m&agrave; tới&rdquo; l&agrave; g&igrave;? </span></span></strong></s></span></h1>\n\n<p>&nbsp;</p>\n\n<p><span style="font-size:26px"><span style="color:#800000"><span style="font-family:georgia,serif"><strong>Việt M&ocirc;ng Cổ xin được chia sẻ với c&aacute;c bạn dưới đ&acirc;y</strong></span></span><span style="color:rgb(0, 0, 0); font-family:georgia,serif">:</span></span></p>\n\n<p>&nbsp;</p>\n</div>\n\n<p style="text-align:center"><img alt="" src="http://obus.vn//uploads/1/Obus/02_Giaiphap/04_kinh_doanh_online/cong-1.png" style="height:50px; margin:0px auto; max-width:100%; opacity:0.9; padding:0px; width:60px" /></p>\n\n<div class="bluebox8" id="jbox" style="margin: 10px auto 0px; padding: 10px 20px; border: 3px solid rgb(169, 217, 250); outline: 0px; font-size: 16px; font-family: ''\\''Open Sans\\''''; vertical-align: baseline; border-top-left-radius: 3px; border-top-right-radius: 3px; border-bottom-right-radius: 3px; border-bottom-left-radius: 3px; position: relative; color: rgb(85, 85, 85); line-height: 16px; width: 800px;">\n<div class="element-box" style="margin: 0px; padding: 0px; border: 0px; outline: 0px; font-weight: inherit; font-style: inherit; font-family: inherit; vertical-align: baseline; background-image: url(http://edu.obus.vn/wp-content/themes/profitstheme_11/lib/images/left-box-shadow.png), url(http://edu.obus.vn/wp-content/themes/profitstheme_11/lib/images/right-box-shadow.png); height: 20px; width: 840px; position: absolute; bottom: -23px; left: 0px; background-position: 0% 50%, 100% 50%; background-repeat: no-repeat, no-repeat;">&nbsp;</div>\n\n<div class="element-box" style="margin: 0px; padding: 0px; border: 0px; outline: 0px; font-weight: inherit; font-style: inherit; font-family: inherit; vertical-align: baseline; background-image: url(http://edu.obus.vn/wp-content/themes/profitstheme_11/lib/images/left-box-shadow.png), url(http://edu.obus.vn/wp-content/themes/profitstheme_11/lib/images/right-box-shadow.png); height: 20px; width: 840px; position: absolute; bottom: -23px; left: 0px; background-position: 0% 50%, 100% 50%; background-repeat: no-repeat, no-repeat;">&nbsp;</div>\n\n<h1 style="text-align:center"><span style="color:#0000CD"><span style="font-size:20px"><strong>NGUY&Ecirc;N NH&Acirc;N N&Agrave;O G&Acirc;Y N&Ecirc;N NHỮNG CĂN BỆNH CỦA NGƯỜI GI&Agrave;?</strong></span></span></h1>\n\n<h2><span style="font-size:18px"><img src="http://www.pencilportraitmastery.com/caution.png" style="font-size:16px; line-height:16px" />&nbsp;<span style="color:rgb(0, 0, 0)"><span style="font-family:georgia,serif">Kh&iacute; hậu nhiệt đới của Việt Nam dễ ph&aacute;t sinh bệnh tật.</span></span></span></h2>\n\n<p><span style="font-size:18px"><img src="http://www.pencilportraitmastery.com/caution.png" />&nbsp;<span style="color:rgb(0, 0, 0)"><span style="font-family:georgia,serif">Yếu tố chủ yếu dẫn đến bệnh về xương khớp.</span></span></span></p>\n\n<p><span style="font-size:18px"><img src="http://www.pencilportraitmastery.com/caution.png" />&nbsp;<span style="color:rgb(0, 0, 0)"><span style="font-family:georgia,serif">C&agrave;ng lớn tuổi,c&aacute;c bộ phận trong cơ thể c&agrave;ng hoạt động yếu.</span></span></span></p>\n\n<p><span style="font-size:18px"><img src="http://www.pencilportraitmastery.com/caution.png" />&nbsp;<span style="color:rgb(0, 0, 0)"><span style="font-family:georgia,serif">Khả năng miễn dịch v&agrave; sức đề kh&aacute;ng suy giảm.</span></span></span></p>\n\n<p><span style="font-size:18px"><img src="http://www.pencilportraitmastery.com/caution.png" />&nbsp;<span style="color:rgb(0, 0, 0)"><span style="font-family:georgia,serif">Th&oacute;i quen kh&ocirc;ng tốt như lao động nặng nhọc,kh&ocirc;ng ch&uacute; &yacute; ph&ograve;ng ngừa c&aacute;c bệnh khi về gi&agrave;.</span></span></span></p>\n\n<p><span style="font-size:18px"><img src="http://www.pencilportraitmastery.com/caution.png" />&nbsp;<span style="color:rgb(0, 0, 0)"><span style="font-family:georgia,serif">Chế độc ăn uống kh&ocirc;ng hợp lệ,kh&ocirc;ng sử dụng c&aacute;c biện ph&aacute;p bảo vệ sức khỏe khi c&ograve;n trẻ.</span></span></span></p>\n</div>\n\n<p style="text-align:center"><strong><img alt="" src="http://obus.vn//uploads/1/Obus/02_Giaiphap/04_kinh_doanh_online/cong-1.png" style="height:50px; margin:0px auto; max-width:100%; opacity:0.9; padding:0px; width:60px" /></strong></p>\n\n<h2 style="text-align:center"><span style="color:#800000"><span style="font-family:georgia,serif"><strong>C&Aacute;C CĂN BỆNH THƯỜNG GẶP Ở NGƯỜI CAO TUỔI</strong></span></span></h2>\n\n<p style="text-align:center">&nbsp;</p>\n\n<p style="text-align:center"><img alt="" src="http://ctv.vietmongco.vn/wp-content/uploads/2014/04/thoai-hoa.png" style="height:269px; width:400px" /><img alt="" src="http://ctv.vietmongco.vn/wp-content/uploads/2014/04/cac-benh-khop.png" style="height:229px; width:400px" /></p>\n\n<p style="text-align:center"><img alt="" src="http://obus.vn//uploads/1/Obus/02_Giaiphap/04_kinh_doanh_online/cong-1.png" style="height:50px; line-height:1.6em; margin:0px auto; max-width:100%; opacity:0.9; padding:0px; width:60px" /></p>\n\n<div>&nbsp;</div>\n\n<div>\n<div class="separator" style="margin: 0px auto; padding: 0px; color: rgb(68, 68, 68); font-family: Arial, Verdana, Helvetica, sans-serif; font-size: 16px; line-height: 18px; text-align: center; clear: both;">\n<p>&nbsp;</p>\n</div>\n\n<div style="margin: 0px auto; padding: 0px; color: rgb(68, 68, 68); font-family: Arial, Verdana, Helvetica, sans-serif; font-size: 16px; line-height: 18px; text-align: center;">\n<div class="bluebox8" id="jbox" style="margin: 10px auto 0px; padding: 10px 20px; border: 3px solid rgb(169, 217, 250); outline: 0px; font-family: ''\\\\\\''Open Sans\\\\\\''''; vertical-align: baseline; border-top-left-radius: 3px; border-top-right-radius: 3px; border-bottom-right-radius: 3px; border-bottom-left-radius: 3px; position: relative; color: rgb(85, 85, 85); line-height: 16px; width: 800px;">\n<div class="element-box" style="margin: 0px; padding: 0px; border: 0px; outline: 0px; font-weight: inherit; font-style: inherit; font-family: inherit; vertical-align: baseline; background-image: url(http://edu.obus.vn/wp-content/themes/profitstheme_11/lib/images/left-box-shadow.png), url(http://edu.obus.vn/wp-content/themes/profitstheme_11/lib/images/right-box-shadow.png); height: 20px; width: 840px; position: absolute; bottom: -23px; left: 0px; background-position: 0% 50%, 100% 50%;">&nbsp;</div>\n\n<div class="element-box" style="margin: 0px; padding: 0px; border: 0px; outline: 0px; font-weight: inherit; font-style: inherit; font-family: inherit; vertical-align: baseline; background-image: url(http://edu.obus.vn/wp-content/themes/profitstheme_11/lib/images/left-box-shadow.png), url(http://edu.obus.vn/wp-content/themes/profitstheme_11/lib/images/right-box-shadow.png); height: 20px; width: 840px; position: absolute; bottom: -23px; left: 0px; background-position: 0% 50%, 100% 50%;">&nbsp;</div>\n\n<h1><strong>B&Iacute; QUYẾT CHỮA BỆNH L&Agrave; G&Igrave;?</strong></h1>\n\n<p style="text-align:justify"><img src="http://obus.vn//uploads/1/Obus/02_Giaiphap/02_game_cashflow/chk02.png" /><span style="font-family:georgia,serif"><span style="font-size:18px">Thay đổi ngay th&oacute;i quen sinh hoạt thường ng&agrave;y</span></span></p>\n\n<p style="text-align:justify"><span style="font-family:georgia,serif"><span style="font-size:18px"><img src="http://obus.vn//uploads/1/Obus/02_Giaiphap/02_game_cashflow/chk02.png" />Ph&ograve;ng ngừa bệnh từ khi c&ograve;n trẻ</span></span></p>\n\n<p style="text-align:justify"><span style="font-family:georgia,serif"><span style="font-size:18px"><img src="http://obus.vn//uploads/1/Obus/02_Giaiphap/02_game_cashflow/chk02.png" />Sử dụng những b&agrave;i thuốc Nam gia truyền</span></span></p>\n\n<p style="text-align:justify"><span style="font-family:georgia,serif"><span style="font-size:18px"><img src="http://obus.vn//uploads/1/Obus/02_Giaiphap/02_game_cashflow/chk02.png" />Sử dụng sản phẩm chữa trị kịp thời <strong>&ldquo;KHU PHONG VƯỢNG CỐT KH&Iacute;&rdquo; V&Agrave; &ldquo;KH&Iacute; CỐT ĐAN&rdquo;</strong></span></span></p>\n\n<p style="text-align:justify"><span style="font-family:georgia,serif"><span style="font-size:18px">&nbsp; &nbsp; &nbsp; &nbsp; &nbsp; &nbsp; &nbsp; &nbsp;<img alt="Khu phong vượng cốt khí" src="http://ctv.vietmongco.vn/wp-content/uploads/2014/04/211.png" style="height:275px; width:300px" />&nbsp;<img alt="Khí cốt đan" src="http://ctv.vietmongco.vn/wp-content/uploads/2014/04/121.png" style="height:215px; width:300px" /></span></span></p>\n</div>\n\n<p style="text-align:justify">&nbsp;</p>\n\n<p style="text-align:justify"><span style="font-size:20px"><span style="font-family:georgia,serif">Để tiết kiệm thời gian v&agrave; c&ocirc;ng sức, lại an to&agrave;n cho sức khỏe vốn &ldquo;yếu ớt&rdquo; của người gi&agrave;, ch&uacute;ng t&ocirc;i &nbsp;khuy&ecirc;n bạn n&ecirc;n sử dụng b&agrave;i thuốc Nam gia truyền &ldquo;<strong>Khu Phong Vượng Cốt</strong>&rdquo; v&agrave; &ldquo;<strong>Kh&iacute; cốt đan</strong>&rdquo; .</span></span></p>\n</div>\n</div>\n\n<div style="margin: 0px auto; padding: 0px; color: rgb(68, 68, 68); font-family: Arial, Verdana, Helvetica, sans-serif; font-size: 16px; line-height: 30px;">\n<p style="text-align:center"><img alt="" src="http://obus.vn//uploads/1/Obus/02_Giaiphap/04_kinh_doanh_online/cong-1.png" style="height:50px; margin:0px auto; max-width:100%; opacity:0.9; padding:0px; width:60px" /></p>\n\n<p style="text-align:center">&nbsp;</p>\n\n<p style="text-align:center"><strong>NHỮNG T&Aacute;C DỤNG ĐẶC BIỆT CHO C&Aacute;C BỆNH DƯỚI Đ&Acirc;Y</strong></p>\n\n<div style="margin: 0px auto; padding: 0px; color: rgb(68, 68, 68); font-family: Arial, Verdana, Helvetica, sans-serif; font-size: 16px; line-height: 30px;">\n<div class="separator" style="margin: 0px auto; padding: 0px; color: rgb(68, 68, 68); font-family: Arial, Verdana, Helvetica, sans-serif; font-size: 16px; line-height: 18px; text-align: center; clear: both;">\n<table border="0" cellpadding="0" cellspacing="0" style="width:100%">\n	<tbody>\n		<tr>\n			<td style="width:50%">\n			<p style="text-align: left;"><img src="http://obus.vn//uploads/1/tclg/6065032.jpg" style="margin:0px auto; padding:0px" /><span style="color:rgb(128, 0, 0)"><strong><span style="font-size:20px"><span style="font-family:georgia,serif">Tho&aacute;i h&oacute;a cột sống</span></span></strong></span></p>\n\n			<p style="text-align: left;"><img src="http://obus.vn//uploads/1/tclg/6065032.jpg" style="margin:0px auto; padding:0px" /><span style="color:rgb(128, 0, 0)"><strong><span style="font-size:20px"><span style="font-family:georgia,serif">Tho&aacute;t vị đĩa đệm</span></span></strong></span></p>\n\n			<p style="text-align: left;"><img src="http://obus.vn//uploads/1/tclg/6065032.jpg" style="margin:0px auto; padding:0px" /><span style="color:rgb(128, 0, 0)"><strong><span style="font-size:20px"><span style="font-family:georgia,serif">Đau thần kinh tọa</span></span></strong></span></p>\n\n			<p style="text-align: left;"><img src="http://obus.vn//uploads/1/tclg/6065032.jpg" style="margin:0px auto; padding:0px" /><span style="color:rgb(128, 0, 0)"><strong><span style="font-size:20px"><span style="font-family:georgia,serif">Vi&ecirc;m đa khớp</span></span></strong></span></p>\n			</td>\n			<td>&nbsp;</td>\n			<td style="width:50%">\n			<p style="text-align: left;"><img src="http://obus.vn//uploads/1/tclg/6065032.jpg" style="margin:0px auto; padding:0px" /><span style="color:rgb(128, 0, 0)"><strong><span style="font-size:20px"><span style="font-family:georgia,serif">Vi&ecirc;m khớp nối</span></span></strong></span></p>\n\n			<p style="text-align: left;"><img src="http://obus.vn//uploads/1/tclg/6065032.jpg" style="margin:0px auto; padding:0px" /><span style="color:rgb(128, 0, 0)"><strong><span style="font-size:20px"><span style="font-family:georgia,serif">Đau lưng</span></span></strong></span></p>\n\n			<p style="text-align: left;"><img src="http://obus.vn//uploads/1/tclg/6065032.jpg" style="margin:0px auto; padding:0px" /><span style="color:rgb(128, 0, 0)"><strong><span style="font-size:20px"><span style="font-family:georgia,serif">Bệnh gute</span></span></strong></span></p>\n\n			<p style="text-align: left;"><img src="http://obus.vn//uploads/1/tclg/6065032.jpg" style="margin:0px auto; padding:0px" /><span style="color:rgb(128, 0, 0)"><strong><span style="font-size:20px"><span style="font-family:georgia,serif">&hellip;</span></span></strong></span></p>\n			</td>\n		</tr>\n		<tr>\n			<td>&nbsp;</td>\n			<td>&nbsp;</td>\n			<td>&nbsp;</td>\n		</tr>\n	</tbody>\n</table>\n</div>\n\n<div style="margin: 0px auto; padding: 0px; color: rgb(68, 68, 68); font-family: Arial, Verdana, Helvetica, sans-serif; font-size: 16px; line-height: 18px; text-align: center;">\n<p style="text-align:justify">&nbsp;</p>\n\n<p style="text-align:justify">&nbsp;</p>\n\n<p style="text-align:justify"><span style="font-size:20px"><span style="color:rgb(85, 85, 85); font-family:georgia,serif">Sản phẩm trực thuộc c&ocirc;ng ty cổ phần&nbsp;<strong>Việt M&ocirc;ng Cổ</strong> (giấy ph&eacute;p số 4601066348) đ&atilde; ph&aacute;t triển&nbsp;với rất nhiều văn ph&ograve;ng đặt tại nhiều tỉnh th&agrave;nh như:</span></span></p>\n\n<p style="text-align:justify"><span style="color:rgb(85, 85, 85); font-family:georgia,serif; font-size:20px">Hải Dương, H&agrave; Nội, Hải Ph&ograve;ng,Th&aacute;i Nguy&ecirc;n, Thanh H&oacute;a, Đ&agrave; Nẵng, Bắc Kạn, Bắc Ninh,Bắc Giang,Hưng Y&ecirc;n,H&agrave; Nam,Nam Định&hellip;chắc chắn sẽ l&agrave; nơi đ&aacute;ng tin cậy để qu&yacute; kh&aacute;ch an t&acirc;m sử dụng sản phẩm.</span></p>\n</div>\n\n<p style="text-align:center"><img alt="" src="http://obus.vn//uploads/1/Obus/02_Giaiphap/04_kinh_doanh_online/cong-1.png" style="height:50px; margin:0px auto; max-width:100%; padding:0px; width:60px" /></p>\n\n<p style="text-align:center"><span style="font-size:20px"><strong><span style="background-color:#FFFF00">V&Igrave; SAO CH&Uacute;NG T&Ocirc;I KHUY&Ecirc;N BẠN N&Ecirc;N SỬ DỤNG SẢN PHẨM N&Agrave;Y?</span></strong></span></p>\n\n<p style="text-align:center"><img alt="Phiếu phân tích, kiểm nghiệm của chuyên gia và cấp phép an toàn của Bộ Y tế" src="http://ctv.vietmongco.vn/wp-content/uploads/2014/04/bo-y-te.png" style="height:525px; width:700px" /></p>\n\n<p style="text-align:center"><img alt="" src="http://ctv.vietmongco.vn/wp-content/uploads/2014/04/luong-y-tue-tinh1.png" style="height:329px; width:697px" /></p>\n\n<p><span style="font-family:georgia,serif"><span style="font-size:18px">Thực sự thuốc t&acirc;y rất c&oacute; &iacute;ch trong việc điều trị với nền Y học hiện đại ng&agrave;y nay. Tuy nhi&ecirc;n, kh&ocirc;ng phải căn bệnh n&agrave;o thuốc t&acirc;y cũng c&oacute; thể chữa được một c&aacute;ch an to&agrave;n nhất. C&oacute; thể g&acirc;y t&aacute;c dụng phụ hoặc biến chứng sang một dạng bệnh kh&aacute;c. Đặc biệt hơn, đối với cơ thể kh&oacute; th&iacute;ch ứng của người cao tuổi, việc sử dụng thuốc t&acirc;y kh&ocirc;ng được khuy&ecirc;n d&ugrave;ng thường xuy&ecirc;n. B&ecirc;n cạnh đ&oacute;, nếu sử dụng thuốc t&acirc;y phải c&oacute; sự chỉ định v&agrave; thăm kh&aacute;m của b&aacute;c sĩ, nếu t&igrave;nh trạng bệnh nặng phải nằm viện d&agrave;i ng&agrave;y rất tốn k&eacute;m v&agrave; mất thời gian.</span></span></p>\n\n<div>\n<p><span style="font-family:georgia,serif"><span style="font-size:18px">Thuốc nam c&oacute; t&iacute;nh m&aacute;t v&agrave; an to&agrave;n khi sử dụng, lại th&iacute;ch hợp chữa bệnh cho người gi&agrave; với nhiều căn bệnh kh&oacute; chữa. Thuốc Nam đặc trị những bệnh n&ecirc;u tr&ecirc;n ở người cao tuổi tốt nhất thuộc về 2 b&agrave;i thuốc <strong>&ldquo;KHU PHONG VƯỢNG CỐT KH&Iacute;&rdquo; V&Agrave; &ldquo;KH&Iacute; CỐT ĐAN&rdquo; </strong>của c&ocirc;ng ty<strong> Việt M&ocirc;ng Cổ.</strong></span></span></p>\n\n<p>&nbsp;</p>\n</div>\n\n<div>\n<table style="border:0px solid rgb(255, 192, 203); width:640px">\n	<tbody>\n		<tr>\n			<td>\n			<div style="width: 475.5px; padding: 0px; border: 6px dashed rgb(204, 51, 0);">\n			<div style="padding: 16px; border: 1px solid rgb(0, 0, 0);">\n			<div style="color: rgb(210, 0, 0); padding: 6px; font-size: 18pt; font-weight: bold;">\n			<div style="font-family: arial, helvetica, sans-serif; line-height: normal; color: rgb(210, 0, 0); padding: 6px; font-size: 18pt; font-weight: bold; text-align: center;">CAM KẾT HIỆU QUẢ</div>\n\n			<div style="font-family: arial, helvetica, sans-serif; line-height: normal; color: rgb(210, 0, 0); padding: 6px; font-size: 18pt; font-weight: bold; text-align: center;">NẾU D&Ugrave;NG&nbsp;<span style="background-color:#FFD700">Đ&Uacute;NG - ĐỦ - ĐỀU</span></div>\n\n			<div style="color: rgb(0, 0, 0); font-family: arial, helvetica, sans-serif; line-height: normal; font-size: 14pt; text-align: justify;"><img alt="money back guarantee seal" src="http://www.100healthyrawsnacks.com/images/guarantee.gif" style="border:0px; display:block; float:left; height:100px; margin:0px auto; outline:0px; padding:10px; width:100px" />Trong qu&aacute; tr&igrave;nh sử dụng sản phẩm của ch&uacute;ng t&ocirc;i,bạn cần tu&acirc;n thủ nghiệm ngặt chỉ định của sản phẩm.</div>\n\n			<div style="color: rgb(0, 0, 0); font-family: arial, helvetica, sans-serif; line-height: normal; font-size: 14pt;">&nbsp;</div>\n\n			<div style="color: rgb(0, 0, 0); font-family: arial, helvetica, sans-serif; line-height: normal; font-size: 14pt; text-align: center;"><span style="color:#000080">LIỆU TR&Igrave;NH SỬ DỤNG HIỆU QUẢ</span></div>\n\n			<div style="color: rgb(0, 0, 0); font-family: arial, helvetica, sans-serif; line-height: normal; font-size: 14pt;"><img src="http://www.humananatomycourse.com/images/check.jpg" />D&ugrave;ng 9 chai/lọ li&ecirc;n tục trong 9 tuần.</div>\n\n			<div style="color: rgb(0, 0, 0); font-family: arial, helvetica, sans-serif; line-height: normal; font-size: 14pt;"><img src="http://www.humananatomycourse.com/images/check.jpg" />Mỗi chai/lọ uống trong 7 ng&agrave;y.</div>\n\n			<div style="color: rgb(0, 0, 0); font-family: arial, helvetica, sans-serif; line-height: normal; font-size: 14pt;"><img src="http://www.humananatomycourse.com/images/check.jpg" />Mỗi ng&agrave;y uống 2 lần.</div>\n\n			<div style="color: rgb(0, 0, 0); font-family: arial, helvetica, sans-serif; line-height: normal; font-size: 14pt;"><img src="http://www.humananatomycourse.com/images/check.jpg" />Mỗi lần uống 1 ch&eacute;n nhỏ 70ml.</div>\n\n			<div style="color: rgb(0, 0, 0); font-family: arial, helvetica, sans-serif; line-height: normal; font-size: 14pt;"><img src="http://www.humananatomycourse.com/images/check.jpg" />Nếu d&ugrave;ng dạng vi&ecirc;n th&igrave; uống 30 vi&ecirc;n/lần.</div>\n\n			<div style="color: rgb(0, 0, 0); font-family: arial, helvetica, sans-serif; line-height: normal; font-size: 14pt;"><img src="http://www.humananatomycourse.com/images/check.jpg" />Uống sau bữa ăn no.</div>\n\n			<div style="color: rgb(0, 0, 0); font-family: arial, helvetica, sans-serif; line-height: normal; font-size: 14pt;"><span style="font-size:16px"><span style="font-family:georgia,serif"><span style="background-color:rgb(255, 215, 0)">Ki&ecirc;ng thịt ch&oacute;,c&aacute; m&egrave;,tương c&agrave;,da g&agrave; v&agrave; rau&nbsp;muống.</span></span></span></div>\n			</div>\n			</div>\n			</div>\n			</td>\n		</tr>\n	</tbody>\n</table>\n</div>\n</div>\n\n<p style="text-align:center"><img alt="" src="http://ctv.vietmongco.vn/wp-content/uploads/2014/04/van-chuyen-viet-mong-co.png" style="height:100px; width:700px" /></p>\n\n<div>\n<div class="promo-box2" style="width: 704px; background-image: url(http://d2geju3h8qicv6.cloudfront.net/bg-promo-box.png); background-color: rgb(110, 175, 42); padding: 0px 0px 17px; margin: 0px 0px 40px 12px; font-family: ''Trebuchet MS'', Helvetica, sans-serif; font-size: 15px; line-height: normal; background-position: 0px 100%; background-repeat: no-repeat no-repeat;">\n<div class="holder" style="width: 704px; padding: 18px 0px 0px; background-image: url(http://d2geju3h8qicv6.cloudfront.net/bg-promo-box2-holder.png); background-position: initial initial; background-repeat: no-repeat no-repeat;">\n<div class="frame" style="width: 632px; padding: 17px 32px 0px 40px; background-image: url(http://d2geju3h8qicv6.cloudfront.net/bg-promo-box2-frame.png); background-position: initial initial; background-repeat: no-repeat repeat;">\n<h2>Kh&aacute;ch h&agrave;ng đặt mua sản phẩm tr&ecirc;n web.</h2>\n\n<h2>Nh&acirc;n vi&ecirc;n văn ph&ograve;ng của&nbsp;tỉnh m&agrave; kh&aacute;ch h&agrave;ng đang cư tr&uacute; sẽ đem h&agrave;ng đến tận nh&agrave; v&agrave; thực hiện chăm s&oacute;c kh&aacute;ch h&agrave;ng.</h2>\n</div>\n</div>\n</div>\n</div>\n\n<p style="text-align:center"><span style="font-size:28px"><strong><span style="color:rgb(255, 0, 0)">NẾU BẠN C&Oacute; BẤT KỲ THẮC MẮC G&Igrave; H&Atilde;Y&nbsp;</span></strong></span></p>\n</div>\n\n<p style="text-align:center"><img alt="" src="http://vinamos.vn//uploads/1/arrowdown.gif" style="color:rgb(0, 51, 102); height:114px; margin:0px auto; max-width:100%; opacity:0.9; padding:0px; text-align:justify; width:273px" /></p>\n\n<p style="text-align:center"><a href="http://vietmongco.vn/gui-cau-hoi" onclick="window.open(this.href, ''AFQ'', ''resizable=yes,status=no,location=no,toolbar=no,menubar=no,fullscreen=no,scrollbars=no,dependent=no,width=700,left=200,height=750,top=200''); return false;" style="margin: 0px auto; padding: 0px; color: rgb(30, 70, 106); text-decoration: none;"><img alt="" src="https://vinamos.vn//uploads/1/dat%20cau%20hoi.png" style="height:103px; margin:0px auto; max-width:100%; padding:0px; width:360px" /></a></p>\n\n<p style="text-align:center"><span style="color:rgb(0, 51, 102)">&nbsp;&nbsp;</span><span style="color:rgb(0, 51, 102); font-size:x-large"><span style="color:rgb(255, 0, 0)"><strong><span style="font-family:arial">Tư vấn trực tuyến</span></strong></span></span></p>\n\n<p style="text-align:center"><a href="skype:nguyendinhhan81?call" style="margin: 0px auto; padding: 0px; color: rgb(30, 70, 106); text-decoration: none;"><img alt="Skype Me™!" src="http://download.skype.com/share/skypebuttons/buttons/call_blue_white_124x52.png" style="border:none; height:52px; margin:0px auto; max-width:100%; padding:0px; width:124px" /></a></p>\n\n<p style="text-align:center">&nbsp;</p>\n\n<p style="text-align:center"><a href="ymsgr:sendIM?quantri24&amp;m=Ch%C3%A0o b%E1%BA%A1n ! T%C3%B4i %C4%91ang c%E1%BA%A7n gi%C3%BAp %C4%91%E1%BB%A1!" style="margin: 0px auto; padding: 0px; color: rgb(30, 70, 106); text-decoration: none; line-height: 1.6em;"><img alt="CEO chuyen nghiep" src="http://3.bp.blogspot.com/-tLsrI11pnKM/UREwZOfOTxI/AAAAAAAAGvA/wYr_V25Ne_0/s200/Auto-get-avatar-yahoo.png" style="height:107px; margin:0px auto; max-width:100%; padding:0px; width:139px" /></a></p>\n\n<p style="text-align:center"><span style="font-size:20px"><strong><span style="color:rgb(0, 0, 255)">Hotline:</span>&nbsp;0918.870.781</strong></span></p>\n\n<p style="text-align:center">&nbsp;<img alt="" src="http://vinamos.vn//uploads/1/arrowdown.gif" style="color:rgb(0, 51, 102); height:114px; margin:0px auto; max-width:100%; padding:0px; width:273px" /></p>\n\n<p style="text-align:center"><span style="font-family:times new roman,times,serif"><span style="font-size:20px"><span style="color:rgb(255, 0, 0)"><strong>C&Aacute;C CHI PH&Iacute; LI&Ecirc;N QUAN TỚI SẢN PHẨM</strong></span></span></span></p>\n\n<p style="text-align:center"><span style="font-size:36px"><span style="color:#000080"><span style="font-family:times new roman,times,serif"><strong>Gi&aacute; gốc: <del>5.310.000 đồng</del></strong></span></span></span></p>\n\n<p style="text-align:center"><span style="font-size:36px"><strong><span style="font-family:times new roman,times,serif"><span style="color:rgb(0, 102, 255)">Ph&iacute; vận chuyển: 120.000 Đồng</span></span></strong></span></p>\n\n<p style="text-align:center"><strong><span style="font-family:times new roman,times,serif"><span style="font-size:18px"><span style="color:rgb(0, 102, 255)">(Ph&iacute; tr&ecirc;n l&agrave;</span><strong><span style="color:rgb(0, 102, 255)">&nbsp;cơ bản - T&ugrave;y thuộc v&agrave;o&nbsp;địa l&yacute;&nbsp;sẽ b&aacute;o gi&aacute; sau)</span></strong></span></span></strong></p>\n\n<p style="text-align:center"><span style="font-size:28px"><span style="color:rgb(255, 0, 0)"><strong><span style="font-family:times new roman,times,serif"><strong><span style="background-color:rgb(255, 255, 0)">Nh&acirc;n dịp khai trương web GIẢM&nbsp;10% - Chỉ c&ograve;n 4.779.000 Đồng</span></strong></span></strong></span></span></p>\n\n<p style="text-align:center"><span style="font-size:18px"><strong><span style="font-family:times new roman,times,serif"><span style="color:rgb(0, 102, 255)">Miễn ph&iacute; vận chuyển&nbsp;cho kh&aacute;ch h&agrave;ng đăng k&yacute; ngay 9 sản phẩm&nbsp;</span></span></strong></span></p>\n\n<p style="text-align:center"><span style="font-family:georgia,serif"><span style="font-size:18px"><strong>Vậy Bạn c&oacute; muốn l&agrave; người tiếp theo?</strong></span></span></p>\n', '14/2/2014', 10, 0, 0, '5310000', '105c15ca59ecf21364148c57f1b1238e.png'),
(43, 'Cao Gobi – Mongo', '<p><span style="color:rgb(103, 111, 118); font-family:georgia,serif; font-size:18px">Sản phẩm của C&ocirc;ng ty Cổ phần Việt M&ocirc;ng Cổ đ&atilde; được Cục An to&agrave;n Vệ sinh thực phẩm &ndash; Bộ Y tế cấp Chứng nhận C&ocirc;ng bố An to&agrave;n thực phẩm v&agrave; đăng k&iacute; bảo hộ tương hiệu tại Cục Sở hữu tr&iacute; tuệ. Mọi sản phẩm mang nh&atilde;n hiệu hay h&igrave;nh thức tương tự kh&ocirc;ng c&oacute; tem chống h&agrave;ng giả đều kh&ocirc;ng phải l&agrave; sản phẩm của c&ocirc;ng ty cổ phần Việt M&ocirc;ng Cổ. &nbsp;</span></p>\n', '<p style="text-align:justify"><span style="color:rgb(103, 111, 118); font-family:georgia,serif; font-size:18px">Với gần 30 năm sinh sống, học tập v&agrave; l&agrave;m việc tại M&ocirc;ng Cổ, Tiến sĩ Nguyễn Huy Tuấn - Ủy vi&ecirc;n Ban chấp h&agrave;nh Hiệp hội Doanh nh&acirc;n Việt Nam ở nước ngo&agrave;i; Ph&oacute; Chủ tịch Hội hữu nghị M&ocirc;ng-Việt; Chủ tịch cộng đồng người Việt tại M&ocirc;ng Cổ; Chủ tịch Hội doanh nh&acirc;n người Việt tại M&ocirc;ng Cổ; Chủ tịch HĐQT C&ocirc;ng ty cổ phần Việt M&ocirc;ng Cổ cảm nhận r&otilde; gi&aacute; trị v&ocirc; c&ugrave;ng qu&yacute; gi&aacute; của c&aacute;c sản phẩm chế biến từ ngựa đ&atilde; gi&uacute;p cho sức khoẻ của người d&acirc;n M&ocirc;ng Cổ: trẻ em th&igrave; cứng c&aacute;p, nhanh nhẹn, th&ocirc;ng minh; thanh ni&ecirc;n vạm vỡ, cường tr&aacute;ng, thể lực tốt; người gi&agrave; th&igrave; kh&ocirc;ng đau nhức, khoẻ mạnh, sống l&acirc;u. Tiến sĩ Nguyễn Huy Tuấn lu&ocirc;n t&acirc;m niệm: Nhất định một ng&agrave;y, nguồn nguy&ecirc;n liệu qu&yacute; từ con ngựa M&ocirc;ng Cổ sẽ được đưa về để gi&uacute;p &iacute;ch cho sức khoẻ người th&acirc;n, gia đ&igrave;nh v&agrave; b&agrave; con d&acirc;n tộc m&igrave;nh! &nbsp; V&igrave; lẽ đ&oacute;, c&ocirc;ng ty cổ phần Việt M&ocirc;ng Cổ ch&iacute;nh thức cho ra đời 2 loại sản phẩm c&oacute; nguồn nguy&ecirc;n liệu 100% từ xương ngựa M&ocirc;ng Cổ.</span></p>\n\n<p>&nbsp; &nbsp; &nbsp; &nbsp; &nbsp; &nbsp; &nbsp; &nbsp; &nbsp; &nbsp; &nbsp; &nbsp; &nbsp; &nbsp; &nbsp; &nbsp; &nbsp; &nbsp; &nbsp; &nbsp; &nbsp; &nbsp; &nbsp; &nbsp; &nbsp; &nbsp; &nbsp; &nbsp; &nbsp;&nbsp;<img alt="cao gobi" src="http://vimos.vn/wp-content/uploads/2013/09/cao-gobi-300x168.jpg" /></p>\n\n<p style="text-align:justify"><span style="font-size:18px"><span style="font-family:georgia,serif"><span style="color:rgb(103, 111, 118)">Sản phẩm của C&ocirc;ng ty Cổ phần Việt M&ocirc;ng Cổ đ&atilde; được Cục An to&agrave;n Vệ sinh thực phẩm &ndash; Bộ Y tế cấp Chứng nhận C&ocirc;ng bố An to&agrave;n thực phẩm v&agrave; đăng k&iacute; bảo hộ tương hiệu tại Cục Sở hữu tr&iacute; tuệ. Mọi sản phẩm mang nh&atilde;n hiệu hay h&igrave;nh thức tương tự kh&ocirc;ng c&oacute; tem chống h&agrave;ng giả đều kh&ocirc;ng phải l&agrave; sản phẩm của c&ocirc;ng ty cổ phần Việt M&ocirc;ng Cổ. &nbsp; &nbsp;</span></span></span></p>\n', '', 20, 1, 1, '2360000', '138f47f575a8c896316979962787c0f5.jpg'),
(45, 'Ngự tửu quân vương', '<p><span style="font-family:georgia,serif"><span style="font-size:18px">Con người được Thượng Đế ưu &aacute;i ban tặng cho m&oacute;n qu&agrave; đặc biệt v&agrave; v&ocirc; gi&aacute; m&agrave; kh&ocirc;ng c&oacute; bất k&igrave; lo&agrave;i n&agrave;o tr&ecirc;n thế gian c&oacute; được, đ&oacute; l&agrave; T&igrave;nh y&ecirc;u. &nbsp;</span></span></p>\n', '<p style="text-align: justify;"><span style="font-family:georgia,serif"><span style="font-size:18px"><strong>NGỰ TỬU QU&Acirc;N VƯƠNG,</strong>Con người được Thượng Đế ưu &aacute;i ban tặng cho m&oacute;n qu&agrave; đặc biệt v&agrave; v&ocirc; gi&aacute; m&agrave; kh&ocirc;ng c&oacute; bất k&igrave; lo&agrave;i n&agrave;o tr&ecirc;n thế gian c&oacute; được, đ&oacute; l&agrave; T&igrave;nh y&ecirc;u. T&igrave;nh y&ecirc;u đ&ocirc;i lứa l&agrave; cảm x&uacute;c thật đặc biệt, trải qua đầy đủ c&aacute;c nốt thăng - trầm, với đủ c&aacute;c cung bậc cảm x&uacute;c c&uacute;a &Aacute;i - Ố - Hỉ - Nộ. V&agrave; con người cũng được Thượng Đế ban tặng một m&oacute;n qu&agrave; v&ocirc; c&ugrave;ng qu&iacute; gi&aacute; nữa m&agrave; khoa học đ&atilde; chứng minh chỉ c&oacute; ở con người, đ&oacute; l&agrave; t&igrave;nh dục ở con người l&agrave; v&igrave; y&ecirc;u thương, v&igrave; cảm x&uacute;c, kh&ocirc;ng chỉ l&agrave; v&igrave; mục đ&iacute;ch duy tr&igrave; n&ograve;i giống. </span></span></p>\n\n<p style="text-align: justify;"><span style="font-family:georgia,serif"><span style="font-size:18px">T&igrave;nh dục ở mỗi đất nước lại c&oacute; sự kh&aacute;c nhau về c&aacute;ch nh&igrave;n nhận, nhưng về cơ bản n&oacute; được gắn với phạm tr&ugrave; đạo đức. Đ&oacute; l&agrave; T&igrave;nh y&ecirc;u thương, l&agrave; tr&aacute;ch nhiệm. T&igrave;nh dục kết hợp với t&igrave;nh y&ecirc;u sẽ l&agrave;m cho t&igrave;nh y&ecirc;u được thăng hoa khiến con người ta dễ c&oacute; được cảm gi&aacute;c hạnh ph&uacute;c nhất, vi&ecirc;n m&atilde;n nhất. Đ&aacute;ng tiếc, trong x&atilde; hội hiện đại, ch&uacute;ng ta phải chịu những &aacute;p lực ng&agrave;y c&agrave;ng lớn hơn từ c&ocirc;ng việc, từ x&atilde; hội v&agrave; từ ngay ch&iacute;nh gia đ&igrave;nh m&igrave;nh. Những &aacute;p lực đ&oacute; l&agrave; thủ phạm ch&iacute;nh g&acirc;y suy giảm sức khỏe, tuổi thọ v&agrave; ảnh hưởng rất lớn tới t&acirc;m sinh l&iacute; của mỗi ch&uacute;ng ta, đặc biệt l&agrave; nam giới &ndash; người được xem l&agrave; trụ cột trong gia đ&igrave;nh. </span></span></p>\n\n<p style="text-align: justify;"><span style="font-family:georgia,serif"><span style="font-size:18px">T&acirc;m, sinh l&iacute; giảm s&uacute;t ảnh hưởng rất lớn đến t&igrave;nh y&ecirc;u, khả năng t&igrave;nh dục v&agrave; l&agrave; mối đe dọa nghi&ecirc;m trọng đến hạnh ph&uacute;c gia đ&igrave;nh. Gắn liền với những th&agrave;nh c&ocirc;ng trong sự nghiệp, sự ổn định trong gia đ&igrave;nh, mục ti&ecirc;u v&agrave; bản lĩnh ph&aacute;i mạnh phải đạt được đ&oacute; l&agrave; sự sung m&atilde;n về t&igrave;nh dục. Sinh l&yacute; của nam giới thể hiện sự mạnh mẽ nam t&iacute;nh, v&agrave; quan trọng hơn n&oacute; l&agrave; biểu hiện của gi&aacute; trị sức khoẻ.&nbsp;Vậy giải ph&aacute;p n&agrave;o tốt nhất cho đấng m&agrave;y r&acirc;u?&nbsp;&nbsp;&nbsp;</span></span></p>\n\n<p style="text-align: justify;">&nbsp; &nbsp; &nbsp; &nbsp; &nbsp; &nbsp; &nbsp; &nbsp; &nbsp; &nbsp; &nbsp; &nbsp; &nbsp; &nbsp; &nbsp;&nbsp;<img alt="3" src="http://vimos.vn/wp-content/uploads/2013/08/31.png" /></p>\n\n<p style="text-align: justify;"><span style="font-family:georgia,serif"><span style="font-size:18px"><strong>Ngự Tửu Qu&acirc;n Vương</strong>&nbsp; - Rượu qu&iacute; chỉ d&acirc;ng cho bậc Vua ch&uacute;a trong triều được kế thừa, ph&aacute;t triển từ thang Minh Mạng, kết hợp với c&aacute;c vị thuốc nam, bắc đồng thời ph&aacute;t huy c&aacute;c vị thuốc chủ đạo trong phương ph&aacute;p chữa v&ocirc; sinh m&agrave; Lương y Vũ Xu&acirc;n Điều đ&atilde; nhiều năm nghi&ecirc;n cứu, ứng dụng đạt hiệu quả rất cao. C&aacute;c vị n&agrave;y ng&acirc;m với rượu nếp c&aacute;i hoa v&agrave;ng nấu theo phương ph&aacute;p truyền thống d&acirc;n tộc. Được ng&acirc;m, ủ, hạ thổ theo qui tr&igrave;nh tỉ mỉ v&agrave; nghi&ecirc;m ngặt tạo ra một sản phẩm cao cấp, kh&aacute;c biệt. Với c&ocirc;ng dụng Gi&uacute;p bổ thận, tr&aacute;ng dương, an thận, sinh tinh &iacute;ch kh&iacute;, n&acirc;ng cao sinh lực cho nam giới v&ocirc; c&ugrave;ng hiệu quả. Gi&uacute;p cải thiện sức khỏe, n&acirc;ng cao thể trạng v&agrave; cải thiện r&otilde; rệt khả năng.</span></span></p>\n', '', 20, 1, 1, '1090000', 'c68ae545cf1f4e3e86d8589a249367c5.png');

-- --------------------------------------------------------

--
-- Structure de la table `province`
--

CREATE TABLE IF NOT EXISTS `province` (
  `provinceid` varchar(5) NOT NULL,
  `name` varchar(100) NOT NULL,
  `type` varchar(30) NOT NULL,
  PRIMARY KEY (`provinceid`)
) ENGINE=InnoDB DEFAULT CHARSET=utf8;

--
-- Contenu de la table `province`
--

INSERT INTO `province` (`provinceid`, `name`, `type`) VALUES
('01', 'Hà Nội', 'Thành Phố'),
('02', 'Hà Giang', 'Tỉnh'),
('04', 'Cao Bằng', 'Tỉnh'),
('06', 'Bắc Kạn', 'Tỉnh'),
('08', 'Tuyên Quang', 'Tỉnh'),
('10', 'Lào Cai', 'Tỉnh'),
('11', 'Điện Biên', 'Tỉnh'),
('12', 'Lai Châu', 'Tỉnh'),
('14', 'Sơn La', 'Tỉnh'),
('15', 'Yên Bái', 'Tỉnh'),
('17', 'Hòa Bình', 'Tỉnh'),
('19', 'Thái Nguyên', 'Tỉnh'),
('20', 'Lạng Sơn', 'Tỉnh'),
('22', 'Quảng Ninh', 'Tỉnh'),
('24', 'Bắc Giang', 'Tỉnh'),
('25', 'Phú Thọ', 'Tỉnh'),
('26', 'Vĩnh Phúc', 'Tỉnh'),
('27', 'Bắc Ninh', 'Tỉnh'),
('30', 'Hải Dương', 'Tỉnh'),
('31', 'Hải Phòng', 'Thành Phố'),
('33', 'Hưng Yên', 'Tỉnh'),
('34', 'Thái Bình', 'Tỉnh'),
('35', 'Hà Nam', 'Tỉnh'),
('36', 'Nam Định', 'Tỉnh'),
('37', 'Ninh Bình', 'Tỉnh'),
('38', 'Thanh Hóa', 'Tỉnh'),
('40', 'Nghệ An', 'Tỉnh'),
('42', 'Hà Tĩnh', 'Tỉnh'),
('44', 'Quảng Bình', 'Tỉnh'),
('45', 'Quảng Trị', 'Tỉnh'),
('46', 'Thừa Thiên Huế', 'Tỉnh'),
('48', 'Đà Nẵng', 'Thành Phố'),
('49', 'Quảng Nam', 'Tỉnh'),
('51', 'Quảng Ngãi', 'Tỉnh'),
('52', 'Bình Định', 'Tỉnh'),
('54', 'Phú Yên', 'Tỉnh'),
('56', 'Khánh Hòa', 'Tỉnh'),
('58', 'Ninh Thuận', 'Tỉnh'),
('60', 'Bình Thuận', 'Tỉnh'),
('62', 'Kon Tum', 'Tỉnh'),
('64', 'Gia Lai', 'Tỉnh'),
('66', 'Đắk Lắk', 'Tỉnh'),
('67', 'Đắk Nông', 'Tỉnh'),
('68', 'Lâm Đồng', 'Tỉnh'),
('70', 'Bình Phước', 'Tỉnh'),
('72', 'Tây Ninh', 'Tỉnh'),
('74', 'Bình Dương', 'Tỉnh'),
('75', 'Đồng Nai', 'Tỉnh'),
('77', 'Bà Rịa - Vũng Tàu', 'Tỉnh'),
('79', 'Hồ Chí Minh', 'Thành Phố'),
('80', 'Long An', 'Tỉnh'),
('82', 'Tiền Giang', 'Tỉnh'),
('83', 'Bến Tre', 'Tỉnh'),
('84', 'Trà Vinh', 'Tỉnh'),
('86', 'Vĩnh Long', 'Tỉnh'),
('87', 'Đồng Tháp', 'Tỉnh'),
('89', 'An Giang', 'Tỉnh'),
('91', 'Kiên Giang', 'Tỉnh'),
('92', 'Cần Thơ', 'Thành Phố'),
('93', 'Hậu Giang', 'Tỉnh'),
('94', 'Sóc Trăng', 'Tỉnh'),
('95', 'Bạc Liêu', 'Tỉnh'),
('96', 'Cà Mau', 'Tỉnh');

-- --------------------------------------------------------

--
-- Structure de la table `sale_off`
--

CREATE TABLE IF NOT EXISTS `sale_off` (
  `id` int(11) NOT NULL AUTO_INCREMENT,
  `id_product` int(11) NOT NULL,
  `percent` int(11) NOT NULL,
  `img` varchar(255) COLLATE utf8_unicode_ci NOT NULL,
  `exp_date` datetime NOT NULL,
  PRIMARY KEY (`id`)
) ENGINE=InnoDB  DEFAULT CHARSET=utf8 COLLATE=utf8_unicode_ci AUTO_INCREMENT=44 ;

--
-- Contenu de la table `sale_off`
--

INSERT INTO `sale_off` (`id`, `id_product`, `percent`, `img`, `exp_date`) VALUES
(2, 5, 11, '122', '2014-03-29 00:00:00'),
(31, 17, 20, '', '2014-03-31 00:00:00'),
(42, 43, 10, '', '2014-04-30 00:00:00'),
(43, 1, 10, '', '2014-04-10 00:00:00');

-- --------------------------------------------------------

--
-- Structure de la table `users`
--

CREATE TABLE IF NOT EXISTS `users` (
  `id` int(11) NOT NULL AUTO_INCREMENT,
  `username` varchar(50) CHARACTER SET utf8 COLLATE utf8_unicode_ci NOT NULL,
  `full_name` varchar(255) CHARACTER SET utf8 COLLATE utf8_unicode_ci NOT NULL,
  `phone` varchar(255) CHARACTER SET utf8 COLLATE utf8_unicode_ci NOT NULL,
  `address` varchar(255) CHARACTER SET utf8 COLLATE utf8_unicode_ci NOT NULL,
  `password` varchar(255) CHARACTER SET utf8 COLLATE utf8_unicode_ci NOT NULL,
  `email` varchar(100) CHARACTER SET utf8 COLLATE utf8_unicode_ci NOT NULL,
  `activated` tinyint(1) NOT NULL DEFAULT '1',
  `yahoo` varchar(255) CHARACTER SET utf8 COLLATE utf8_unicode_ci NOT NULL,
  `skype` varchar(255) CHARACTER SET utf8 COLLATE utf8_unicode_ci NOT NULL,
  `bank` varchar(255) CHARACTER SET utf8 COLLATE utf8_unicode_ci NOT NULL,
  `stk` varchar(255) CHARACTER SET utf8 COLLATE utf8_unicode_ci NOT NULL,
  `sex` int(11) NOT NULL,
  `province` int(11) NOT NULL,
  `banned` tinyint(1) NOT NULL DEFAULT '0',
  `ban_reason` varchar(255) CHARACTER SET utf8 COLLATE utf8_unicode_ci DEFAULT NULL,
  `new_password_key` varchar(50) CHARACTER SET utf8 COLLATE utf8_unicode_ci DEFAULT NULL,
  `new_password_requested` datetime DEFAULT NULL,
  `new_email` varchar(100) CHARACTER SET utf8 COLLATE utf8_unicode_ci DEFAULT NULL,
  `new_email_key` varchar(50) CHARACTER SET utf8 COLLATE utf8_unicode_ci DEFAULT NULL,
  `last_ip` varchar(40) CHARACTER SET utf8 COLLATE utf8_unicode_ci NOT NULL,
  `last_login` datetime NOT NULL DEFAULT '0000-00-00 00:00:00',
  `created` datetime NOT NULL DEFAULT '0000-00-00 00:00:00',
  `modified` timestamp NOT NULL DEFAULT CURRENT_TIMESTAMP ON UPDATE CURRENT_TIMESTAMP,
  `birthday` varchar(255) CHARACTER SET utf8 COLLATE utf8_unicode_ci NOT NULL,
  `img` text CHARACTER SET utf8 COLLATE utf8_unicode_ci NOT NULL,
  `role` int(11) NOT NULL DEFAULT '3',
  `login_id` text CHARACTER SET utf8 COLLATE utf8_unicode_ci NOT NULL,
  `total_like` int(11) NOT NULL,
  `account_type` int(11) NOT NULL,
  PRIMARY KEY (`id`)
) ENGINE=InnoDB  DEFAULT CHARSET=utf8 COLLATE=utf8_bin AUTO_INCREMENT=32 ;

--
-- Contenu de la table `users`
--

INSERT INTO `users` (`id`, `username`, `full_name`, `phone`, `address`, `password`, `email`, `activated`, `yahoo`, `skype`, `bank`, `stk`, `sex`, `province`, `banned`, `ban_reason`, `new_password_key`, `new_password_requested`, `new_email`, `new_email_key`, `last_ip`, `last_login`, `created`, `modified`, `birthday`, `img`, `role`, `login_id`, `total_like`, `account_type`) VALUES
(1, 'admin', 'Việt Mông Cổ', '01667039939', 'HCM', '$2a$08$Td0RgE4XWigVTniUOCOZS.5M4q.9SIMdLHEKvlhoKzsQ/.4Q3Bare', 'giangbeoit@gmail.com', 1, 's', 's', 'Vietcombank', '0341005245193', 0, 1, 0, NULL, NULL, NULL, NULL, '9030c639c55519a0676d45d5b5307555', '113.161.85.214', '2014-04-07 14:57:33', '2014-03-30 01:26:24', '2014-04-07 07:57:33', '2014/03/04', '', 1, '', 0, 0),
(19, 'nguyendinhhan', 'Nguyễn Đình Hán', '0918870781', 'Nam sách', '$2a$08$s7QnXTLmckVkhwlm37RlLOp/Px/2/CXgiSoBKnBM7Fozpt2IqXTtK', 'ngaydemkiemtien@gmail.com', 1, 'quantri24', 'nguyendinhhan81', 'Ngân Lượng', 'nguyendinhhan7781@gmail.com', 0, 30, 0, NULL, NULL, NULL, NULL, 'ca361d351e8eb68b5bce5cebf1b6fd89', '113.168.29.81', '2014-04-03 20:53:33', '2014-03-31 18:15:40', '2014-04-03 13:53:33', '1981/07/07', '', 4, '', 0, 0),
(22, 'nhanvien1', 'Nguyễn Đình Hán', '84918870781', 'Nam sách,Hải dương', '$2a$08$WBp8zix1TTHEf5rHYEX1HOSY9PwcYnMP5it8HFHyfw6KKYchw1.cW', 'ngyademkiemtien@gmail.com', 1, '', '', '', '', 0, 0, 0, NULL, NULL, NULL, NULL, '51bbd042483260ece236aa42f602fe43', '113.168.29.81', '0000-00-00 00:00:00', '2014-04-01 08:50:29', '2014-04-01 01:50:29', '', '', 2, '', 0, 0),
(23, 'quantri', 'Nguyễn Đình Hán', '0918870781', 'Hải Dương', '$2a$08$vEYGiqg/mYR/Sd6u8lR8aeda0iIfWdWK9uS5w5d5duj/tFNfwHD3y', 'hanmarketings@gmail.com', 1, '', '', '', '', 0, 0, 0, NULL, NULL, NULL, NULL, 'b4f8bcb47f7b8107fab1558969f51963', '113.168.29.81', '0000-00-00 00:00:00', '2014-04-02 23:14:38', '2014-04-02 16:14:38', '', '', 1, '', 0, 0),
(24, 'nguyenthanhgiap', 'Nguyễn Thành Giáp', '', 'Hà Nội', '$2a$08$QL2HjjkDWTuPC5O3xOvaReEmvY7L76ioy.nABnlm.nHKimz1UJt6.', 'thuyettrinhvideo@gmail.com', 1, '', '', 'thuyettrinhvideo@gmail.com', 'thuyettrinhvideo@gmail.com', 0, 1, 0, NULL, NULL, NULL, NULL, NULL, '113.178.67.212', '2014-04-02 23:34:26', '2014-04-02 23:32:49', '2014-04-02 16:34:26', '1991/06/14', '', 4, '', 0, 0),
(25, ' ANH DAO', 'HOA ANH ĐÀO ', '0166663659', 'thôn 9 -Pơngđrang-KrôngBuk-ĐắcLắc', '$2a$08$QRU/S//Fo9Lh8bZHEr5UY.Vpvxt4PuR2YM3oeWPn/fjSOkWXVQyTW', 'anhdao04121988@gmail.com', 1, 'ooanhhoaanho@yahoo.com', '', 'NGÂN HÀNG :DONG A BANK', 'anhdao04121988@gmail.com', 1, 66, 0, NULL, NULL, NULL, NULL, NULL, '14.165.245.251', '2014-04-05 12:59:16', '2014-04-03 16:12:36', '2014-04-05 05:59:16', '14/2/1988', '', 4, '', 0, 0),
(30, 'nguyenthihue', 'Nguyễn Thị Huệ', '0974807618', 'Văn Giang', '$2a$08$U3V6/OLyuvxppdkpOdbEguH/.OHk6GpS3XECnkvmAOR167DzWv85W', 'nguyendinhhan7781@gmail.com', 1, '', '', 'Vietcombank', 'nguyendinhhan7781@gmail.com', 1, 33, 0, NULL, NULL, NULL, NULL, NULL, '113.168.29.81', '2014-04-05 17:04:15', '2014-04-05 16:58:04', '2014-04-05 10:04:15', '2014/10/10', '', 4, '', 0, 0),
(31, 'ngan ang', 'Đình Hán Nguyễn', '0974807618', 'Văn Giang', '$2a$08$ViT8L5d5mzE6OcPPFLDMeuKIYraOHhpS/TVIGcW4QuKuj7yL0cuZq', 'affiliate24h@gmail.com', 0, '', '', 'Vietcombank', 'nguyendinhhan7781@gmail.com', 0, 30, 0, NULL, NULL, NULL, NULL, '9621b1de51b1ebdd62d870ad73f8bf3d', '113.181.174.94', '0000-00-00 00:00:00', '2014-04-07 14:19:19', '2014-04-07 07:19:19', '2014/10/10', '', 4, '', 0, 0);

-- --------------------------------------------------------

--
-- Structure de la table `user_autologin`
--

CREATE TABLE IF NOT EXISTS `user_autologin` (
  `key_id` char(32) COLLATE utf8_bin NOT NULL,
  `user_id` int(11) NOT NULL DEFAULT '0',
  `user_agent` varchar(150) COLLATE utf8_bin NOT NULL,
  `last_ip` varchar(40) COLLATE utf8_bin NOT NULL,
  `last_login` timestamp NOT NULL DEFAULT CURRENT_TIMESTAMP ON UPDATE CURRENT_TIMESTAMP,
  PRIMARY KEY (`key_id`,`user_id`)
) ENGINE=InnoDB DEFAULT CHARSET=utf8 COLLATE=utf8_bin;

-- --------------------------------------------------------

--
-- Structure de la table `user_product`
--

CREATE TABLE IF NOT EXISTS `user_product` (
  `id` int(11) NOT NULL AUTO_INCREMENT,
  `id_user` int(11) NOT NULL,
  `id_product` int(11) NOT NULL,
  `create_date` int(11) NOT NULL,
  PRIMARY KEY (`id`)
) ENGINE=InnoDB  DEFAULT CHARSET=utf8 COLLATE=utf8_unicode_ci AUTO_INCREMENT=28 ;

--
-- Contenu de la table `user_product`
--

INSERT INTO `user_product` (`id`, `id_user`, `id_product`, `create_date`) VALUES
(18, 2, 1, 1396199836),
(19, 1, 1, 1396262638),
(20, 19, 1, 1396267345),
(22, 1, 43, 1396283585),
(23, 1, 45, 1396283590),
(24, 19, 45, 1396406894),
(26, 25, 1, 1396561566),
(27, 30, 1, 1396692271);

-- --------------------------------------------------------

--
-- Structure de la table `user_profiles`
--

CREATE TABLE IF NOT EXISTS `user_profiles` (
  `id` int(11) NOT NULL AUTO_INCREMENT,
  `user_id` int(11) NOT NULL,
  `country` varchar(20) COLLATE utf8_bin DEFAULT NULL,
  `website` varchar(255) COLLATE utf8_bin DEFAULT NULL,
  PRIMARY KEY (`id`)
) ENGINE=InnoDB  DEFAULT CHARSET=utf8 COLLATE=utf8_bin AUTO_INCREMENT=13 ;

--
-- Contenu de la table `user_profiles`
--

INSERT INTO `user_profiles` (`id`, `user_id`, `country`, `website`) VALUES
(1, 1, NULL, NULL),
(2, 5, NULL, NULL),
(3, 6, NULL, NULL),
(4, 7, NULL, NULL),
(5, 9, NULL, NULL),
(6, 24, NULL, NULL),
(7, 26, NULL, NULL),
(8, 27, NULL, NULL),
(9, 28, NULL, NULL),
(10, 29, NULL, NULL),
(11, 25, NULL, NULL),
(12, 30, NULL, NULL);

-- --------------------------------------------------------

--
-- Structure de la table `user_role`
--

CREATE TABLE IF NOT EXISTS `user_role` (
  `id` int(11) NOT NULL AUTO_INCREMENT,
  `name` varchar(255) COLLATE utf8_unicode_ci NOT NULL,
  `is_staff` int(11) NOT NULL,
  PRIMARY KEY (`id`)
) ENGINE=InnoDB  DEFAULT CHARSET=utf8 COLLATE=utf8_unicode_ci AUTO_INCREMENT=5 ;

--
-- Contenu de la table `user_role`
--

INSERT INTO `user_role` (`id`, `name`, `is_staff`) VALUES
(1, 'Quản trị', 1),
(2, 'Nhân viên', 1),
(3, 'Member', 0),
(4, 'Volunteer', 2);

/*!40101 SET CHARACTER_SET_CLIENT=@OLD_CHARACTER_SET_CLIENT */;
/*!40101 SET CHARACTER_SET_RESULTS=@OLD_CHARACTER_SET_RESULTS */;
/*!40101 SET COLLATION_CONNECTION=@OLD_COLLATION_CONNECTION */;
